-- phpMyAdmin SQL Dump
-- version 5.2.1
-- https://www.phpmyadmin.net/
--
-- Anamakine: 127.0.0.1
-- Üretim Zamanı: 23 Haz 2025, 08:30:55
-- Sunucu sürümü: 8.0.41
-- PHP Sürümü: 8.2.12

SET SQL_MODE = "NO_AUTO_VALUE_ON_ZERO";
START TRANSACTION;
SET time_zone = "+00:00";


/*!40101 SET @OLD_CHARACTER_SET_CLIENT=@@CHARACTER_SET_CLIENT */;
/*!40101 SET @OLD_CHARACTER_SET_RESULTS=@@CHARACTER_SET_RESULTS */;
/*!40101 SET @OLD_COLLATION_CONNECTION=@@COLLATION_CONNECTION */;
/*!40101 SET NAMES utf8mb4 */;

--
-- Veritabanı: `insaat`
--

-- --------------------------------------------------------

--
-- Tablo için tablo yapısı `kaynak`
--

CREATE TABLE `kaynak` (
  `KAID` int NOT NULL,
  `PID` int DEFAULT NULL,
  `KTipID` int DEFAULT NULL,
  `miktar` varchar(50) DEFAULT NULL,
  `KDurumu` varchar(50) DEFAULT NULL,
  `KAdi` varchar(255) DEFAULT NULL
) ENGINE=InnoDB DEFAULT CHARSET=utf8mb4 COLLATE=utf8mb4_0900_ai_ci;

--
-- Tablo döküm verisi `kaynak`
--

INSERT INTO `kaynak` (`KAID`, `PID`, `KTipID`, `miktar`, `KDurumu`, `KAdi`) VALUES
(1, 7, 1, '', 'Mevcut', NULL),
(2, 6, 1, '', 'Mevcut', NULL),
(3, 4, 1, '', 'Mevcut', NULL),
(4, 3, 1, '', 'Mevcut', NULL),
(5, 2, 1, '', 'Mevcut', NULL),
(6, 1, 1, '', 'Mevcut', NULL),
(7, 7, 2, '', 'Mevcut', NULL),
(8, 6, 2, '', 'Mevcut', NULL),
(9, 4, 2, '', 'Mevcut', NULL),
(10, 3, 2, '', 'Mevcut', NULL),
(11, 2, 2, '', 'Mevcut', NULL),
(12, 1, 2, '', 'Mevcut', NULL),
(13, 7, 3, '', 'Mevcut', NULL),
(14, 6, 3, '', 'Mevcut', NULL),
(15, 4, 3, '', 'Mevcut', NULL),
(16, 3, 3, '', 'Mevcut', NULL),
(17, 2, 3, '', 'Mevcut', NULL),
(18, 1, 3, '', 'Mevcut', NULL),
(19, 7, 4, '', 'Mevcut', NULL),
(20, 6, 4, '', 'Mevcut', NULL),
(21, 4, 4, '', 'Mevcut', NULL),
(22, 3, 4, '', 'Mevcut', NULL),
(23, 2, 4, '', 'Mevcut', NULL),
(24, 1, 4, '', 'Mevcut', NULL),
(25, 7, 5, '', 'Mevcut', NULL),
(26, 6, 5, '', 'Mevcut', NULL),
(27, 4, 5, '', 'Mevcut', NULL),
(28, 3, 5, '', 'Mevcut', NULL),
(29, 2, 5, '', 'Mevcut', NULL),
(30, 1, 5, '', 'Mevcut', NULL),
(31, 7, 6, '', 'Mevcut', NULL),
(32, 6, 6, '', 'Mevcut', NULL),
(33, 4, 6, '', 'Mevcut', NULL),
(34, 3, 6, '', 'Mevcut', NULL),
(35, 2, 6, '', 'Mevcut', NULL),
(36, 1, 6, '', 'Mevcut', NULL),
(37, 7, 7, '', 'Mevcut', NULL),
(38, 6, 7, '', 'Mevcut', NULL),
(39, 4, 7, '', 'Mevcut', NULL),
(40, 3, 7, '', 'Mevcut', NULL),
(41, 2, 7, '', 'Mevcut', NULL),
(42, 1, 7, '', 'Mevcut', NULL),
(43, 7, 8, '', 'Mevcut', NULL),
(44, 6, 8, '', 'Mevcut', NULL),
(45, 4, 8, '', 'Mevcut', NULL),
(46, 3, 8, '', 'Mevcut', NULL),
(47, 2, 8, '', 'Mevcut', NULL),
(48, 1, 8, '', 'Mevcut', NULL),
(49, 7, 9, '', 'Mevcut', NULL),
(50, 6, 9, '', 'Mevcut', NULL),
(51, 4, 9, '', 'Mevcut', NULL),
(52, 3, 9, '', 'Mevcut', NULL),
(53, 2, 9, '', 'Mevcut', NULL),
(54, 1, 9, '', 'Mevcut', NULL),
(55, 7, 10, '', 'Mevcut', NULL),
(56, 6, 10, '', 'Mevcut', NULL),
(57, 4, 10, '', 'Mevcut', NULL),
(58, 3, 10, '', 'Mevcut', NULL),
(59, 2, 10, '', 'Mevcut', NULL),
(60, 1, 10, '', 'Mevcut', NULL),
(61, 7, 11, '', 'Mevcut', NULL),
(62, 6, 11, '', 'Mevcut', NULL),
(63, 4, 11, '', 'Mevcut', NULL),
(64, 3, 11, '', 'Mevcut', NULL),
(65, 2, 11, '', 'Mevcut', NULL),
(66, 1, 11, '', 'Mevcut', NULL),
(67, 7, 12, '', 'Mevcut', NULL),
(68, 6, 12, '', 'Mevcut', NULL),
(69, 4, 12, '', 'Mevcut', NULL),
(70, 3, 12, '', 'Mevcut', NULL),
(71, 2, 12, '', 'Mevcut', NULL),
(72, 1, 12, '', 'Mevcut', NULL),
(73, 7, 13, '', 'Mevcut', NULL),
(74, 6, 13, '', 'Mevcut', NULL),
(75, 4, 13, '', 'Mevcut', NULL),
(76, 3, 13, '', 'Mevcut', NULL),
(77, 2, 13, '', 'Mevcut', NULL),
(78, 1, 13, '', 'Mevcut', NULL),
(79, 7, 14, '', 'Mevcut', NULL),
(80, 6, 14, '', 'Mevcut', NULL),
(81, 4, 14, '', 'Mevcut', NULL),
(82, 3, 14, '', 'Mevcut', NULL),
(83, 2, 14, '', 'Mevcut', NULL),
(84, 1, 14, '', 'Mevcut', NULL),
(85, 7, 15, '', 'Mevcut', NULL),
(86, 6, 15, '', 'Mevcut', NULL),
(87, 4, 15, '', 'Mevcut', NULL),
(88, 3, 15, '', 'Mevcut', NULL),
(89, 2, 15, '', 'Mevcut', NULL),
(90, 1, 15, '', 'Mevcut', NULL),
(91, 7, 16, '', 'Mevcut', NULL),
(92, 6, 16, '', 'Mevcut', NULL),
(93, 4, 16, '', 'Mevcut', NULL),
(94, 3, 16, '', 'Mevcut', NULL),
(95, 2, 16, '', 'Mevcut', NULL),
(96, 1, 16, '', 'Mevcut', NULL),
(97, 7, 17, '', 'Mevcut', NULL),
(98, 6, 17, '', 'Mevcut', NULL),
(99, 4, 17, '', 'Mevcut', NULL),
(100, 3, 17, '', 'Mevcut', NULL),
(101, 2, 17, '', 'Mevcut', NULL),
(102, 1, 17, '', 'Mevcut', NULL),
(103, 7, 18, '', 'Mevcut', NULL),
(104, 6, 18, '', 'Mevcut', NULL),
(105, 4, 18, '', 'Mevcut', NULL),
(106, 3, 18, '', 'Mevcut', NULL),
(107, 2, 18, '', 'Mevcut', NULL),
(108, 1, 18, '', 'Mevcut', NULL),
(109, 7, 19, '', 'Mevcut', NULL),
(110, 6, 19, '', 'Mevcut', NULL),
(111, 4, 19, '', 'Mevcut', NULL),
(112, 3, 19, '', 'Mevcut', NULL),
(113, 2, 19, '', 'Mevcut', NULL),
(114, 1, 19, '', 'Mevcut', NULL),
(115, 7, 20, '', 'Mevcut', NULL),
(116, 6, 20, '', 'Mevcut', NULL),
(117, 4, 20, '', 'Mevcut', NULL),
(118, 3, 20, '', 'Mevcut', NULL),
(119, 2, 20, '', 'Mevcut', NULL),
(120, 1, 20, '', 'Mevcut', NULL),
(121, 7, 21, '', 'Mevcut', NULL),
(122, 6, 21, '', 'Mevcut', NULL),
(123, 4, 21, '', 'Mevcut', NULL),
(124, 3, 21, '', 'Mevcut', NULL),
(125, 2, 21, '', 'Mevcut', NULL),
(126, 1, 21, '', 'Mevcut', NULL),
(127, 7, 22, '', 'Mevcut', NULL),
(128, 6, 22, '', 'Mevcut', NULL),
(129, 4, 22, '', 'Mevcut', NULL),
(130, 3, 22, '', 'Mevcut', NULL),
(131, 2, 22, '', 'Mevcut', NULL),
(132, 1, 22, '', 'Mevcut', NULL),
(133, 7, 23, '', 'Mevcut', NULL),
(134, 6, 23, '', 'Mevcut', NULL),
(135, 4, 23, '', 'Mevcut', NULL),
(136, 3, 23, '', 'Mevcut', NULL),
(137, 2, 23, '', 'Mevcut', NULL),
(138, 1, 23, '', 'Mevcut', NULL),
(139, 7, 24, '', 'Mevcut', NULL),
(140, 6, 24, '', 'Mevcut', NULL),
(141, 4, 24, '', 'Mevcut', NULL),
(142, 3, 24, '', 'Mevcut', NULL),
(143, 2, 24, '', 'Mevcut', NULL),
(144, 1, 24, '', 'Mevcut', NULL),
(145, 7, 25, '', 'Mevcut', NULL),
(146, 6, 25, '', 'Mevcut', NULL),
(147, 4, 25, '', 'Mevcut', NULL),
(148, 3, 25, '', 'Mevcut', NULL),
(149, 2, 25, '', 'Mevcut', NULL),
(150, 1, 25, '', 'Mevcut', NULL),
(151, 7, 26, '', 'Mevcut', NULL),
(152, 6, 26, '', 'Mevcut', NULL),
(153, 4, 26, '', 'Mevcut', NULL),
(154, 3, 26, '', 'Mevcut', NULL),
(155, 2, 26, '', 'Mevcut', NULL),
(156, 1, 26, '', 'Mevcut', NULL),
(157, 7, 27, '', 'Mevcut', NULL),
(158, 6, 27, '', 'Mevcut', NULL),
(159, 4, 27, '', 'Mevcut', NULL),
(160, 3, 27, '', 'Mevcut', NULL),
(161, 2, 27, '', 'Mevcut', NULL),
(162, 1, 27, '', 'Mevcut', NULL),
(163, 7, 28, '', 'Mevcut', NULL),
(164, 6, 28, '', 'Mevcut', NULL),
(165, 4, 28, '', 'Mevcut', NULL),
(166, 3, 28, '', 'Mevcut', NULL),
(167, 2, 28, '', 'Mevcut', NULL),
(168, 1, 28, '', 'Mevcut', NULL),
(169, 7, 29, '', 'Mevcut', NULL),
(170, 6, 29, '', 'Mevcut', NULL),
(171, 4, 29, '', 'Mevcut', NULL),
(172, 3, 29, '', 'Mevcut', NULL),
(173, 2, 29, '', 'Mevcut', NULL),
(174, 1, 29, '', 'Mevcut', NULL),
(175, 7, 30, '', 'Mevcut', NULL),
(176, 6, 30, '', 'Mevcut', NULL),
(177, 4, 30, '', 'Mevcut', NULL),
(178, 3, 30, '', 'Mevcut', NULL),
(179, 2, 30, '', 'Mevcut', NULL),
(180, 1, 30, '', 'Mevcut', NULL),
(181, 7, 31, '', 'Mevcut', NULL),
(182, 6, 31, '', 'Mevcut', NULL),
(183, 4, 31, '', 'Mevcut', NULL),
(184, 3, 31, '', 'Mevcut', NULL),
(185, 2, 31, '', 'Mevcut', NULL),
(186, 1, 31, '', 'Mevcut', NULL),
(187, 7, 32, '', 'Mevcut', NULL),
(188, 6, 32, '', 'Mevcut', NULL),
(189, 4, 32, '', 'Mevcut', NULL),
(190, 3, 32, '', 'Mevcut', NULL),
(191, 2, 32, '', 'Mevcut', NULL),
(192, 1, 32, '', 'Mevcut', NULL),
(193, 7, 33, '', 'Mevcut', NULL),
(194, 6, 33, '', 'Mevcut', NULL),
(195, 4, 33, '', 'Mevcut', NULL),
(196, 3, 33, '', 'Mevcut', NULL),
(197, 2, 33, '', 'Mevcut', NULL),
(198, 1, 33, '', 'Mevcut', NULL),
(199, 7, 34, '', 'Mevcut', NULL),
(200, 6, 34, '', 'Mevcut', NULL),
(201, 4, 34, '', 'Mevcut', NULL),
(202, 3, 34, '', 'Mevcut', NULL),
(203, 2, 34, '', 'Mevcut', NULL),
(204, 1, 34, '', 'Mevcut', NULL),
(205, 7, 35, '', 'Mevcut', NULL),
(206, 6, 35, '', 'Mevcut', NULL),
(207, 4, 35, '', 'Mevcut', NULL),
(208, 3, 35, '', 'Mevcut', NULL),
(209, 2, 35, '', 'Mevcut', NULL),
(210, 1, 35, '', 'Mevcut', NULL),
(211, 7, 36, '', 'Mevcut', NULL),
(212, 6, 36, '', 'Mevcut', NULL),
(213, 4, 36, '', 'Mevcut', NULL),
(214, 3, 36, '', 'Mevcut', NULL),
(215, 2, 36, '', 'Mevcut', NULL),
(216, 1, 36, '', 'Mevcut', NULL),
(217, 7, 37, '', 'Mevcut', NULL),
(218, 6, 37, '', 'Mevcut', NULL),
(219, 4, 37, '', 'Mevcut', NULL),
(220, 3, 37, '', 'Mevcut', NULL),
(221, 2, 37, '', 'Mevcut', NULL),
(222, 1, 37, '', 'Mevcut', NULL),
(223, 7, 38, '', 'Mevcut', NULL),
(224, 6, 38, '', 'Mevcut', NULL),
(225, 4, 38, '', 'Mevcut', NULL),
(226, 3, 38, '', 'Mevcut', NULL),
(227, 2, 38, '', 'Mevcut', NULL),
(228, 1, 38, '', 'Mevcut', NULL),
(229, 7, 39, '', 'Mevcut', NULL),
(230, 6, 39, '', 'Mevcut', NULL),
(231, 4, 39, '', 'Mevcut', NULL),
(232, 3, 39, '', 'Mevcut', NULL),
(233, 2, 39, '', 'Mevcut', NULL),
(234, 1, 39, '', 'Mevcut', NULL),
(235, 7, 40, '', 'Mevcut', NULL),
(236, 6, 40, '', 'Mevcut', NULL),
(237, 4, 40, '', 'Mevcut', NULL),
(238, 3, 40, '', 'Mevcut', NULL),
(239, 2, 40, '', 'Mevcut', NULL),
(240, 1, 40, '', 'Mevcut', NULL),
(241, 7, 41, '', 'Mevcut', NULL),
(242, 6, 41, '', 'Mevcut', NULL),
(243, 4, 41, '', 'Mevcut', NULL),
(244, 3, 41, '', 'Mevcut', NULL),
(245, 2, 41, '', 'Mevcut', NULL),
(246, 1, 41, '', 'Mevcut', NULL),
(247, 7, 42, '', 'Mevcut', NULL),
(248, 6, 42, '', 'Mevcut', NULL),
(249, 4, 42, '', 'Mevcut', NULL),
(250, 3, 42, '', 'Mevcut', NULL),
(251, 2, 42, '', 'Mevcut', NULL),
(252, 1, 42, '', 'Mevcut', NULL),
(253, 7, 43, '', 'Mevcut', NULL),
(254, 6, 43, '', 'Mevcut', NULL),
(255, 4, 43, '', 'Mevcut', NULL),
(256, 3, 43, '', 'Mevcut', NULL),
(257, 2, 43, '', 'Mevcut', NULL),
(258, 1, 43, '', 'Mevcut', NULL),
(259, 7, 44, '', 'Mevcut', NULL),
(260, 6, 44, '', 'Mevcut', NULL),
(261, 4, 44, '', 'Mevcut', NULL),
(262, 3, 44, '', 'Mevcut', NULL),
(263, 2, 44, '', 'Mevcut', NULL),
(264, 1, 44, '', 'Mevcut', NULL),
(265, 7, 45, '', 'Mevcut', NULL),
(266, 6, 45, '', 'Mevcut', NULL),
(267, 4, 45, '', 'Mevcut', NULL),
(268, 3, 45, '', 'Mevcut', NULL),
(269, 2, 45, '', 'Mevcut', NULL),
(270, 1, 45, '', 'Mevcut', NULL),
(271, 7, 46, '', 'Mevcut', NULL),
(272, 6, 46, '', 'Mevcut', NULL),
(273, 4, 46, '', 'Mevcut', NULL),
(274, 3, 46, '', 'Mevcut', NULL),
(275, 2, 46, '', 'Mevcut', NULL),
(276, 1, 46, '', 'Mevcut', NULL),
(277, 7, 47, '', 'Mevcut', NULL),
(278, 6, 47, '', 'Mevcut', NULL),
(279, 4, 47, '', 'Mevcut', NULL),
(280, 3, 47, '', 'Mevcut', NULL),
(281, 2, 47, '', 'Mevcut', NULL),
(282, 1, 47, '', 'Mevcut', NULL),
(283, 7, 48, '', 'Mevcut', NULL),
(284, 6, 48, '', 'Mevcut', NULL),
(285, 4, 48, '', 'Mevcut', NULL),
(286, 3, 48, '', 'Mevcut', NULL),
(287, 2, 48, '', 'Mevcut', NULL),
(288, 1, 48, '', 'Mevcut', NULL),
(289, 7, 49, '', 'Mevcut', NULL),
(290, 6, 49, '', 'Mevcut', NULL),
(291, 4, 49, '', 'Mevcut', NULL),
(292, 3, 49, '', 'Mevcut', NULL),
(293, 2, 49, '', 'Mevcut', NULL),
(294, 1, 49, '', 'Mevcut', NULL),
(295, 7, 50, '', 'Mevcut', NULL),
(296, 6, 50, '', 'Mevcut', NULL),
(297, 4, 50, '', 'Mevcut', NULL),
(298, 3, 50, '', 'Mevcut', NULL),
(299, 2, 50, '', 'Mevcut', NULL),
(300, 1, 50, '', 'Mevcut', NULL),
(301, 7, 51, '', 'Mevcut', NULL),
(302, 6, 51, '', 'Mevcut', NULL),
(303, 4, 51, '', 'Mevcut', NULL),
(304, 3, 51, '', 'Mevcut', NULL),
(305, 2, 51, '', 'Mevcut', NULL),
(306, 1, 51, '', 'Mevcut', NULL),
(307, 7, 52, '', 'Mevcut', NULL),
(308, 6, 52, '', 'Mevcut', NULL),
(309, 4, 52, '', 'Mevcut', NULL),
(310, 3, 52, '', 'Mevcut', NULL),
(311, 2, 52, '', 'Mevcut', NULL),
(312, 1, 52, '', 'Mevcut', NULL),
(313, 7, 53, '', 'Mevcut', NULL),
(314, 6, 53, '', 'Mevcut', NULL),
(315, 4, 53, '', 'Mevcut', NULL),
(316, 3, 53, '', 'Mevcut', NULL),
(317, 2, 53, '', 'Mevcut', NULL),
(318, 1, 53, '', 'Mevcut', NULL),
(319, 7, 54, '', 'Mevcut', NULL),
(320, 6, 54, '', 'Mevcut', NULL),
(321, 4, 54, '', 'Mevcut', NULL),
(322, 3, 54, '', 'Mevcut', NULL),
(323, 2, 54, '', 'Mevcut', NULL),
(324, 1, 54, '', 'Mevcut', NULL),
(325, 7, 55, '', 'Mevcut', NULL),
(326, 6, 55, '', 'Mevcut', NULL),
(327, 4, 55, '', 'Mevcut', NULL),
(328, 3, 55, '', 'Mevcut', NULL),
(329, 2, 55, '', 'Mevcut', NULL),
(330, 1, 55, '', 'Mevcut', NULL),
(331, 7, 56, '', 'Mevcut', NULL),
(332, 6, 56, '', 'Mevcut', NULL),
(333, 4, 56, '', 'Mevcut', NULL),
(334, 3, 56, '', 'Mevcut', NULL),
(335, 2, 56, '', 'Mevcut', NULL),
(336, 1, 56, '', 'Mevcut', NULL),
(337, 7, 57, '', 'Mevcut', NULL),
(338, 6, 57, '', 'Mevcut', NULL),
(339, 4, 57, '', 'Mevcut', NULL),
(340, 3, 57, '', 'Mevcut', NULL),
(341, 2, 57, '', 'Mevcut', NULL),
(342, 1, 57, '', 'Mevcut', NULL),
(343, 7, 58, '', 'Mevcut', NULL),
(344, 6, 58, '', 'Mevcut', NULL),
(345, 4, 58, '', 'Mevcut', NULL),
(346, 3, 58, '', 'Mevcut', NULL),
(347, 2, 58, '', 'Mevcut', NULL),
(348, 1, 58, '', 'Mevcut', NULL),
(349, 7, 59, '', 'Mevcut', NULL),
(350, 6, 59, '', 'Mevcut', NULL),
(351, 4, 59, '', 'Mevcut', NULL),
(352, 3, 59, '', 'Mevcut', NULL),
(353, 2, 59, '', 'Mevcut', NULL),
(354, 1, 59, '', 'Mevcut', NULL),
(355, 7, 60, '', 'Mevcut', NULL),
(356, 6, 60, '', 'Mevcut', NULL),
(357, 4, 60, '', 'Mevcut', NULL),
(358, 3, 60, '', 'Mevcut', NULL),
(359, 2, 60, '', 'Mevcut', NULL),
(360, 1, 60, '', 'Mevcut', NULL),
(361, 7, 61, '', 'Mevcut', NULL),
(362, 6, 61, '', 'Mevcut', NULL),
(363, 4, 61, '', 'Mevcut', NULL),
(364, 3, 61, '', 'Mevcut', NULL),
(365, 2, 61, '', 'Mevcut', NULL),
(366, 1, 61, '', 'Mevcut', NULL),
(367, 7, 62, '', 'Mevcut', NULL),
(368, 6, 62, '', 'Mevcut', NULL),
(369, 4, 62, '', 'Mevcut', NULL),
(370, 3, 62, '', 'Mevcut', NULL),
(371, 2, 62, '', 'Mevcut', NULL),
(372, 1, 62, '', 'Mevcut', NULL),
(373, 7, 63, '', 'Mevcut', NULL),
(374, 6, 63, '', 'Mevcut', NULL),
(375, 4, 63, '', 'Mevcut', NULL),
(376, 3, 63, '', 'Mevcut', NULL),
(377, 2, 63, '', 'Mevcut', NULL),
(378, 1, 63, '', 'Mevcut', NULL),
(379, 7, 64, '', 'Mevcut', NULL),
(380, 6, 64, '', 'Mevcut', NULL),
(381, 4, 64, '', 'Mevcut', NULL),
(382, 3, 64, '', 'Mevcut', NULL),
(383, 2, 64, '', 'Mevcut', NULL),
(384, 1, 64, '', 'Mevcut', NULL),
(385, 7, 65, '', 'Mevcut', NULL),
(386, 6, 65, '', 'Mevcut', NULL),
(387, 4, 65, '', 'Mevcut', NULL),
(388, 3, 65, '', 'Mevcut', NULL),
(389, 2, 65, '', 'Mevcut', NULL),
(390, 1, 65, '', 'Mevcut', NULL),
(1024, NULL, 1, NULL, NULL, NULL),
(1025, NULL, 2, NULL, NULL, NULL),
(1026, NULL, 3, NULL, NULL, NULL),
(1027, NULL, 4, NULL, NULL, NULL),
(1028, NULL, 5, NULL, NULL, NULL),
(1029, NULL, 6, NULL, NULL, NULL),
(1030, NULL, 7, NULL, NULL, NULL),
(1031, NULL, 8, NULL, NULL, NULL),
(1032, NULL, 9, NULL, NULL, NULL),
(1033, NULL, 10, NULL, NULL, NULL),
(1034, NULL, 11, NULL, NULL, NULL),
(1035, NULL, 12, NULL, NULL, NULL),
(1036, NULL, 13, NULL, NULL, NULL),
(1037, NULL, 14, NULL, NULL, NULL),
(1038, NULL, 15, NULL, NULL, NULL),
(1039, NULL, 16, NULL, NULL, NULL),
(1040, NULL, 17, NULL, NULL, NULL),
(1041, NULL, 18, NULL, NULL, NULL),
(1042, NULL, 19, NULL, NULL, NULL),
(1043, NULL, 20, NULL, NULL, NULL),
(1044, NULL, 21, NULL, NULL, NULL),
(1045, NULL, 22, NULL, NULL, NULL),
(1046, NULL, 23, NULL, NULL, NULL),
(1047, NULL, 24, NULL, NULL, NULL),
(1048, NULL, 25, NULL, NULL, NULL),
(1049, NULL, 26, NULL, NULL, NULL),
(1050, NULL, 27, NULL, NULL, NULL),
(1051, NULL, 28, NULL, NULL, NULL),
(1052, NULL, 29, NULL, NULL, NULL),
(1053, NULL, 30, NULL, NULL, NULL),
(1054, NULL, 31, NULL, NULL, NULL),
(1055, NULL, 32, NULL, NULL, NULL),
(1056, NULL, 33, NULL, NULL, NULL),
(1057, NULL, 34, NULL, NULL, NULL),
(1058, NULL, 35, NULL, NULL, NULL),
(1059, NULL, 36, NULL, NULL, NULL),
(1060, NULL, 37, NULL, NULL, NULL),
(1061, NULL, 38, NULL, NULL, NULL),
(1062, NULL, 39, NULL, NULL, NULL),
(1063, NULL, 40, NULL, NULL, NULL),
(1064, NULL, 41, NULL, NULL, NULL),
(1065, NULL, 42, NULL, NULL, NULL),
(1066, NULL, 43, NULL, NULL, NULL),
(1067, NULL, 44, NULL, NULL, NULL),
(1068, NULL, 45, NULL, NULL, NULL),
(1069, NULL, 46, NULL, NULL, NULL),
(1070, NULL, 47, NULL, NULL, NULL),
(1071, NULL, 48, NULL, NULL, NULL),
(1072, NULL, 49, NULL, NULL, NULL),
(1073, NULL, 50, NULL, NULL, NULL),
(1074, NULL, 51, NULL, NULL, NULL),
(1075, NULL, 52, NULL, NULL, NULL),
(1076, NULL, 53, NULL, NULL, NULL),
(1077, NULL, 54, NULL, NULL, NULL),
(1078, NULL, 55, NULL, NULL, NULL),
(1079, NULL, 56, NULL, NULL, NULL),
(1080, NULL, 57, NULL, NULL, NULL),
(1081, NULL, 58, NULL, NULL, NULL),
(1082, NULL, 59, NULL, NULL, NULL),
(1083, NULL, 60, NULL, NULL, NULL),
(1084, NULL, 61, NULL, NULL, NULL),
(1085, NULL, 62, NULL, NULL, NULL),
(1086, NULL, 63, NULL, NULL, NULL),
(1087, NULL, 64, NULL, NULL, NULL),
(1088, NULL, 65, NULL, NULL, NULL),
(1151, NULL, 1, NULL, NULL, 'Çimento'),
(1152, NULL, 2, NULL, NULL, 'Demir'),
(1153, NULL, 3, NULL, NULL, 'Kum'),
(1154, NULL, 4, NULL, NULL, 'Çakıl'),
(1155, NULL, 5, NULL, NULL, 'Tuğla'),
(1156, NULL, 6, NULL, NULL, 'Beton'),
(1157, NULL, 7, NULL, NULL, 'Alçı'),
(1158, NULL, 8, NULL, NULL, 'Kireç'),
(1159, NULL, 9, NULL, NULL, 'Zemin Kaplama Malzemesi'),
(1160, NULL, 10, NULL, NULL, 'Seramik'),
(1161, NULL, 11, NULL, NULL, 'Karo'),
(1162, NULL, 12, NULL, NULL, 'Ahşap'),
(1163, NULL, 13, NULL, NULL, 'PVC Boru'),
(1164, NULL, 14, NULL, NULL, 'Yalıtım Süngeri'),
(1165, NULL, 15, NULL, NULL, 'Duvar Boyası'),
(1166, NULL, 16, NULL, NULL, 'Sıva Harcı'),
(1167, NULL, 17, NULL, NULL, 'Zemin Şapı'),
(1168, NULL, 18, NULL, NULL, 'Çatı Kaplama'),
(1169, NULL, 19, NULL, NULL, 'Cam'),
(1170, NULL, 20, NULL, NULL, 'Kapı'),
(1171, NULL, 21, NULL, NULL, 'Pencere'),
(1172, NULL, 22, NULL, NULL, 'Sandviç Panel'),
(1173, NULL, 23, NULL, NULL, 'Çelik Profil'),
(1174, NULL, 24, NULL, NULL, 'Mermer'),
(1175, NULL, 25, NULL, NULL, 'Asfalt'),
(1176, NULL, 26, NULL, NULL, 'Taş Yünü'),
(1177, NULL, 27, NULL, NULL, 'Isı Camı'),
(1178, NULL, 28, NULL, NULL, 'Epoksi'),
(1179, NULL, 29, NULL, NULL, 'Tavan Paneli'),
(1180, NULL, 30, NULL, NULL, 'Kablo'),
(1181, NULL, 31, NULL, NULL, 'Vinç'),
(1182, NULL, 32, NULL, NULL, 'Forklift'),
(1183, NULL, 33, NULL, NULL, 'Beton Mikseri'),
(1184, NULL, 34, NULL, NULL, 'Kazıcı'),
(1185, NULL, 35, NULL, NULL, 'Loader'),
(1186, NULL, 36, NULL, NULL, 'İskele'),
(1187, NULL, 37, NULL, NULL, 'Jeneratör'),
(1188, NULL, 38, NULL, NULL, 'Kaynak Makinesi'),
(1189, NULL, 39, NULL, NULL, 'Elektrikli Matkap'),
(1190, NULL, 40, NULL, NULL, 'Kompresör'),
(1191, NULL, 41, NULL, NULL, 'Çekiç'),
(1192, NULL, 42, NULL, NULL, 'Delici Kırıcı'),
(1193, NULL, 43, NULL, NULL, 'Tırpan'),
(1194, NULL, 44, NULL, NULL, 'Testere'),
(1195, NULL, 45, NULL, NULL, 'Su Pompası'),
(1196, NULL, 46, NULL, NULL, 'Asansör'),
(1197, NULL, 47, NULL, NULL, 'İnşaat Arabası'),
(1198, NULL, 48, NULL, NULL, 'Hilti'),
(1199, NULL, 49, NULL, NULL, 'Perdah Makinesi'),
(1200, NULL, 50, NULL, NULL, 'Lazer Metre'),
(1201, NULL, 51, NULL, NULL, 'İşçi'),
(1202, NULL, 52, NULL, NULL, 'Usta'),
(1203, NULL, 53, NULL, NULL, 'Kalfa'),
(1204, NULL, 54, NULL, NULL, 'Mühendis'),
(1205, NULL, 55, NULL, NULL, 'Mimar'),
(1206, NULL, 56, NULL, NULL, 'Elektrikçi'),
(1207, NULL, 57, NULL, NULL, 'Tesisatçı'),
(1208, NULL, 58, NULL, NULL, 'Şantiye Şefi'),
(1209, NULL, 59, NULL, NULL, 'Güvenlik'),
(1210, NULL, 60, NULL, NULL, 'Vinç Operatörü'),
(1211, NULL, 61, NULL, NULL, 'Kaynakçı'),
(1212, NULL, 62, NULL, NULL, 'Zemin Uzmanı'),
(1213, NULL, 63, NULL, NULL, 'Çatı Ustası'),
(1214, NULL, 64, NULL, NULL, 'Yalıtım Uzmanı'),
(1215, NULL, 65, NULL, NULL, 'Kalite Kontrolcü'),
(1294, 8, 1, NULL, NULL, NULL),
(1295, 8, 2, NULL, NULL, NULL),
(1296, 8, 3, NULL, NULL, NULL),
(1297, 8, 4, NULL, NULL, NULL),
(1298, 8, 5, NULL, NULL, NULL),
(1299, 8, 6, NULL, NULL, NULL),
(1300, 8, 7, NULL, NULL, NULL),
(1301, 8, 8, NULL, NULL, NULL),
(1302, 8, 9, NULL, NULL, NULL),
(1303, 8, 10, NULL, NULL, NULL),
(1304, 8, 11, NULL, NULL, NULL),
(1305, 8, 12, NULL, NULL, NULL),
(1306, 8, 13, NULL, NULL, NULL),
(1307, 8, 14, NULL, NULL, NULL),
(1308, 8, 15, NULL, NULL, NULL),
(1309, 8, 16, NULL, NULL, NULL),
(1310, 8, 17, NULL, NULL, NULL),
(1311, 8, 18, NULL, NULL, NULL),
(1312, 8, 19, NULL, NULL, NULL),
(1313, 8, 20, NULL, NULL, NULL),
(1314, 8, 21, NULL, NULL, NULL),
(1315, 8, 22, NULL, NULL, NULL),
(1316, 8, 23, NULL, NULL, NULL),
(1317, 8, 24, NULL, NULL, NULL),
(1318, 8, 25, NULL, NULL, NULL),
(1319, 8, 26, NULL, NULL, NULL),
(1320, 8, 27, NULL, NULL, NULL),
(1321, 8, 28, NULL, NULL, NULL),
(1322, 8, 29, NULL, NULL, NULL),
(1323, 8, 30, NULL, NULL, NULL),
(1324, 8, 31, NULL, NULL, NULL),
(1325, 8, 32, NULL, NULL, NULL),
(1326, 8, 33, NULL, NULL, NULL),
(1327, 8, 34, NULL, NULL, NULL),
(1328, 8, 35, NULL, NULL, NULL),
(1329, 8, 36, NULL, NULL, NULL),
(1330, 8, 37, NULL, NULL, NULL),
(1331, 8, 38, NULL, NULL, NULL),
(1332, 8, 39, NULL, NULL, NULL),
(1333, 8, 40, NULL, NULL, NULL),
(1334, 8, 41, NULL, NULL, NULL),
(1335, 8, 42, NULL, NULL, NULL),
(1336, 8, 43, NULL, NULL, NULL),
(1337, 8, 44, NULL, NULL, NULL),
(1338, 8, 45, NULL, NULL, NULL),
(1339, 8, 46, NULL, NULL, NULL),
(1340, 8, 47, NULL, NULL, NULL),
(1341, 8, 48, NULL, NULL, NULL),
(1342, 8, 49, NULL, NULL, NULL),
(1343, 8, 50, NULL, NULL, NULL),
(1344, 8, 51, NULL, NULL, NULL),
(1345, 8, 52, NULL, NULL, NULL),
(1346, 8, 53, NULL, NULL, NULL),
(1347, 8, 54, NULL, NULL, NULL),
(1348, 8, 55, NULL, NULL, NULL),
(1349, 8, 56, NULL, NULL, NULL),
(1350, 8, 57, NULL, NULL, NULL),
(1351, 8, 58, NULL, NULL, NULL),
(1352, 8, 59, NULL, NULL, NULL),
(1353, 8, 60, NULL, NULL, NULL),
(1354, 8, 61, NULL, NULL, NULL),
(1355, 8, 62, NULL, NULL, NULL),
(1356, 8, 63, NULL, NULL, NULL),
(1357, 8, 64, NULL, NULL, NULL),
(1358, 8, 65, NULL, NULL, NULL),
(1424, 11, 1, NULL, NULL, NULL),
(1425, 11, 2, NULL, NULL, NULL),
(1426, 11, 3, NULL, NULL, NULL),
(1427, 11, 4, NULL, NULL, NULL),
(1428, 11, 5, NULL, NULL, NULL),
(1429, 11, 6, NULL, NULL, NULL),
(1430, 11, 7, NULL, NULL, NULL),
(1431, 11, 8, NULL, NULL, NULL),
(1432, 11, 9, NULL, NULL, NULL),
(1433, 11, 10, NULL, NULL, NULL),
(1434, 11, 11, NULL, NULL, NULL),
(1435, 11, 12, NULL, NULL, NULL),
(1436, 11, 13, NULL, NULL, NULL),
(1437, 11, 14, NULL, NULL, NULL),
(1438, 11, 15, NULL, NULL, NULL),
(1439, 11, 16, NULL, NULL, NULL),
(1440, 11, 17, NULL, NULL, NULL),
(1441, 11, 18, NULL, NULL, NULL),
(1442, 11, 19, NULL, NULL, NULL),
(1443, 11, 20, NULL, NULL, NULL),
(1444, 11, 21, NULL, NULL, NULL),
(1445, 11, 22, NULL, NULL, NULL),
(1446, 11, 23, NULL, NULL, NULL),
(1447, 11, 24, NULL, NULL, NULL),
(1448, 11, 25, NULL, NULL, NULL),
(1449, 11, 26, NULL, NULL, NULL),
(1450, 11, 27, NULL, NULL, NULL),
(1451, 11, 28, NULL, NULL, NULL),
(1452, 11, 29, NULL, NULL, NULL),
(1453, 11, 30, NULL, NULL, NULL),
(1454, 11, 31, NULL, NULL, NULL),
(1455, 11, 32, NULL, NULL, NULL),
(1456, 11, 33, NULL, NULL, NULL),
(1457, 11, 34, NULL, NULL, NULL),
(1458, 11, 35, NULL, NULL, NULL),
(1459, 11, 36, NULL, NULL, NULL),
(1460, 11, 37, NULL, NULL, NULL),
(1461, 11, 38, NULL, NULL, NULL),
(1462, 11, 39, NULL, NULL, NULL),
(1463, 11, 40, NULL, NULL, NULL),
(1464, 11, 41, NULL, NULL, NULL),
(1465, 11, 42, NULL, NULL, NULL),
(1466, 11, 43, NULL, NULL, NULL),
(1467, 11, 44, NULL, NULL, NULL),
(1468, 11, 45, NULL, NULL, NULL),
(1469, 11, 46, NULL, NULL, NULL),
(1470, 11, 47, NULL, NULL, NULL),
(1471, 11, 48, NULL, NULL, NULL),
(1472, 11, 49, NULL, NULL, NULL),
(1473, 11, 50, NULL, NULL, NULL),
(1474, 11, 51, NULL, NULL, NULL),
(1475, 11, 52, NULL, NULL, NULL),
(1476, 11, 53, NULL, NULL, NULL),
(1477, 11, 54, NULL, NULL, NULL),
(1478, 11, 55, NULL, NULL, NULL),
(1479, 11, 56, NULL, NULL, NULL),
(1480, 11, 57, NULL, NULL, NULL),
(1481, 11, 58, NULL, NULL, NULL),
(1482, 11, 59, NULL, NULL, NULL),
(1483, 11, 60, NULL, NULL, NULL),
(1484, 11, 61, NULL, NULL, NULL),
(1485, 11, 62, NULL, NULL, NULL),
(1486, 11, 63, NULL, NULL, NULL),
(1487, 11, 64, NULL, NULL, NULL),
(1488, 11, 65, NULL, NULL, NULL),
(1490, 11, 51, '0', 'aktif', 'İşçi (adet)'),
(1491, 7, 2, '0', 'aktif', 'Demir (kg)'),
(1492, 12, 1, NULL, NULL, NULL),
(1493, 12, 2, NULL, NULL, NULL),
(1494, 12, 3, NULL, NULL, NULL),
(1495, 12, 4, NULL, NULL, NULL),
(1496, 12, 5, NULL, NULL, NULL),
(1497, 12, 6, NULL, NULL, NULL),
(1498, 12, 7, NULL, NULL, NULL),
(1499, 12, 8, NULL, NULL, NULL),
(1500, 12, 9, NULL, NULL, NULL),
(1501, 12, 10, NULL, NULL, NULL),
(1502, 12, 11, NULL, NULL, NULL),
(1503, 12, 12, NULL, NULL, NULL),
(1504, 12, 13, NULL, NULL, NULL),
(1505, 12, 14, NULL, NULL, NULL),
(1506, 12, 15, NULL, NULL, NULL),
(1507, 12, 16, NULL, NULL, NULL),
(1508, 12, 17, NULL, NULL, NULL),
(1509, 12, 18, NULL, NULL, NULL),
(1510, 12, 19, NULL, NULL, NULL),
(1511, 12, 20, NULL, NULL, NULL),
(1512, 12, 21, NULL, NULL, NULL),
(1513, 12, 22, NULL, NULL, NULL),
(1514, 12, 23, NULL, NULL, NULL),
(1515, 12, 24, NULL, NULL, NULL),
(1516, 12, 25, NULL, NULL, NULL),
(1517, 12, 26, NULL, NULL, NULL),
(1518, 12, 27, NULL, NULL, NULL),
(1519, 12, 28, NULL, NULL, NULL),
(1520, 12, 29, NULL, NULL, NULL),
(1521, 12, 30, NULL, NULL, NULL),
(1522, 12, 31, NULL, NULL, NULL),
(1523, 12, 32, NULL, NULL, NULL),
(1524, 12, 33, NULL, NULL, NULL),
(1525, 12, 34, NULL, NULL, NULL),
(1526, 12, 35, NULL, NULL, NULL),
(1527, 12, 36, NULL, NULL, NULL),
(1528, 12, 37, NULL, NULL, NULL),
(1529, 12, 38, NULL, NULL, NULL),
(1530, 12, 39, NULL, NULL, NULL),
(1531, 12, 40, NULL, NULL, NULL),
(1532, 12, 41, NULL, NULL, NULL),
(1533, 12, 42, NULL, NULL, NULL),
(1534, 12, 43, NULL, NULL, NULL),
(1535, 12, 44, NULL, NULL, NULL),
(1536, 12, 45, NULL, NULL, NULL),
(1537, 12, 46, NULL, NULL, NULL),
(1538, 12, 47, NULL, NULL, NULL),
(1539, 12, 48, NULL, NULL, NULL),
(1540, 12, 49, NULL, NULL, NULL),
(1541, 12, 50, NULL, NULL, NULL),
(1542, 12, 51, NULL, NULL, NULL),
(1543, 12, 52, NULL, NULL, NULL),
(1544, 12, 53, NULL, NULL, NULL),
(1545, 12, 54, NULL, NULL, NULL),
(1546, 12, 55, NULL, NULL, NULL),
(1547, 12, 56, NULL, NULL, NULL),
(1548, 12, 57, NULL, NULL, NULL),
(1549, 12, 58, NULL, NULL, NULL),
(1550, 12, 59, NULL, NULL, NULL),
(1551, 12, 60, NULL, NULL, NULL),
(1552, 12, 61, NULL, NULL, NULL),
(1553, 12, 62, NULL, NULL, NULL),
(1554, 12, 63, NULL, NULL, NULL),
(1555, 12, 64, NULL, NULL, NULL),
(1556, 12, 65, NULL, NULL, NULL);

-- --------------------------------------------------------

--
-- Tablo için tablo yapısı `kaynak_kullanim`
--

CREATE TABLE `kaynak_kullanim` (
  `KKID` int NOT NULL,
  `KAID` int NOT NULL,
  `tarih` date NOT NULL,
  `kullanilan_miktar` decimal(10,2) NOT NULL,
  `aciklama` text,
  `PKID` int NOT NULL
) ENGINE=InnoDB DEFAULT CHARSET=utf8mb4 COLLATE=utf8mb4_0900_ai_ci;

--
-- Tablo döküm verisi `kaynak_kullanim`
--

INSERT INTO `kaynak_kullanim` (`KKID`, `KAID`, `tarih`, `kullanilan_miktar`, `aciklama`, `PKID`) VALUES
(24, 1490, '2025-05-13', 30.00, '--', 823),
(25, 1491, '2024-09-10', 600.00, 'Betonarme yapılar için demir donatı imalatı yapıldı.', 824),
(26, 1491, '2025-05-13', 200.00, 'Prefabrik depo alanlarının montajına başlandı.', 824);

-- --------------------------------------------------------

--
-- Tablo için tablo yapısı `kaynak_tanim`
--

CREATE TABLE `kaynak_tanim` (
  `KTipID` int NOT NULL,
  `tip` varchar(20) DEFAULT NULL,
  `KAdi` varchar(50) DEFAULT NULL,
  `birim` varchar(20) DEFAULT NULL
) ENGINE=InnoDB DEFAULT CHARSET=utf8mb4 COLLATE=utf8mb4_0900_ai_ci;

--
-- Tablo döküm verisi `kaynak_tanim`
--

INSERT INTO `kaynak_tanim` (`KTipID`, `tip`, `KAdi`, `birim`) VALUES
(1, 'Malzeme', 'Çimento (kg)', 'kg'),
(2, 'Malzeme', 'Demir (kg)', 'kg'),
(3, 'Malzeme', 'Kum (m³)', 'm³'),
(4, 'Malzeme', 'Çakıl (m³)', 'm³'),
(5, 'Malzeme', 'Tuğla (adet)', 'adet'),
(6, 'Malzeme', 'Beton (m³)', 'm³'),
(7, 'Malzeme', 'Alçı (kg)', 'kg'),
(8, 'Malzeme', 'Kireç (kg)', 'kg'),
(9, 'Malzeme', 'Zemin Kaplama Malzemesi (m²)', 'm²'),
(10, 'Malzeme', 'Seramik (m²)', 'm²'),
(11, 'Malzeme', 'Karo (m²)', 'm²'),
(12, 'Malzeme', 'Ahşap (m³)', 'm³'),
(13, 'Malzeme', 'PVC Boru (m)', 'metre'),
(14, 'Malzeme', 'Yalıtım Süngeri (m²)', 'm²'),
(15, 'Malzeme', 'Duvar Boyası (lt)', 'litre'),
(16, 'Malzeme', 'Sıva Harcı (kg)', 'kg'),
(17, 'Malzeme', 'Zemin Şapı (kg)', 'm³'),
(18, 'Malzeme', 'Çatı Kaplama (m²)', 'm²'),
(19, 'Malzeme', 'Cam (m²)', 'm²'),
(20, 'Malzeme', 'Kapı (adet)', 'adet'),
(21, 'Malzeme', 'Pencere (adet)', 'adet'),
(22, 'Malzeme', 'Sandviç Panel (m²)', 'm²'),
(23, 'Malzeme', 'Çelik Profil (kg)', 'kg'),
(24, 'Malzeme', 'Mermer (m²)', 'm²'),
(25, 'Malzeme', 'Asfalt (ton)', 'ton'),
(26, 'Malzeme', 'Taş Yünü (m²)', 'm³'),
(27, 'Malzeme', 'Isı Camı (m²)', 'm²'),
(28, 'Malzeme', 'Epoksi (lt)', 'kg'),
(29, 'Malzeme', 'Tavan Paneli (m²)', 'm²'),
(30, 'Malzeme', 'Kablo (m)', 'metre'),
(31, 'Ekipman', 'Vinç (adet)', 'adet'),
(32, 'Ekipman', 'Forklift (adet)', 'adet'),
(33, 'Ekipman', 'Beton Mikseri (adet)', 'adet'),
(34, 'Ekipman', 'Kazıcı (adet)', 'adet'),
(35, 'Ekipman', 'Loader (adet)', 'adet'),
(36, 'Ekipman', 'İskele (adet)', 'm²'),
(37, 'Ekipman', 'Jeneratör (adet)', 'adet'),
(38, 'Ekipman', 'Kaynak Makinesi (adet)', 'adet'),
(39, 'Ekipman', 'Elektrikli Matkap (adet)', 'adet'),
(40, 'Ekipman', 'Kompresör (adet)', 'adet'),
(41, 'Ekipman', 'Çekiç (adet)', 'adet'),
(42, 'Ekipman', 'Delici Kırıcı (adet)', 'adet'),
(43, 'Ekipman', 'Tırpan (adet)', 'adet'),
(44, 'Ekipman', 'Testere (adet)', 'adet'),
(45, 'Ekipman', 'Su Pompası (adet)', 'adet'),
(46, 'Ekipman', 'Asansör (adet)', 'adet'),
(47, 'Ekipman', 'İnşaat Arabası (adet)', 'adet'),
(48, 'Ekipman', 'Hilti (adet)', 'adet'),
(49, 'Ekipman', 'Perdah Makinesi (adet)', 'adet'),
(50, 'Ekipman', 'Lazer Metre (adet)', 'adet'),
(51, 'Personel', 'İşçi (adet)', 'adet'),
(52, 'Personel', 'Usta (adet)', 'adet'),
(53, 'Personel', 'Kalfa (adet)', 'adet'),
(54, 'Personel', 'Mühendis (adet)', 'adet'),
(55, 'Personel', 'Mimar (adet)', 'adet'),
(56, 'Personel', 'Elektrikçi (adet)', 'adet'),
(57, 'Personel', 'Tesisatçı (adet)', 'adet'),
(58, 'Personel', 'Şantiye Şefi (adet)', 'adet'),
(59, 'Personel', 'Güvenlik (adet)', 'adet'),
(60, 'Personel', 'Vinç Operatörü (adet)', 'adet'),
(61, 'Personel', 'Kaynakçı (adet)', 'adet'),
(62, 'Personel', 'Zemin Uzmanı (adet)', 'adet'),
(63, 'Personel', 'Çatı Ustası (adet)', 'adet'),
(64, 'Personel', 'Yalıtım Uzmanı (adet)', 'adet'),
(65, 'Personel', 'Kalite Kontrolcü (adet)', 'adet');

-- --------------------------------------------------------

--
-- Tablo için tablo yapısı `kullanici`
--

CREATE TABLE `kullanici` (
  `KID` int NOT NULL,
  `KAdi` varchar(70) NOT NULL,
  `email` varchar(70) NOT NULL,
  `sifre` varchar(25) NOT NULL,
  `rol` enum('yönetici','çalışan') NOT NULL
) ENGINE=InnoDB DEFAULT CHARSET=utf8mb4 COLLATE=utf8mb4_0900_ai_ci;

--
-- Tablo döküm verisi `kullanici`
--

INSERT INTO `kullanici` (`KID`, `KAdi`, `email`, `sifre`, `rol`) VALUES
(1, 'Ali Veli', 'aliveli21@gmail.com', 'AliVeli', 'çalışan'),
(2, 'Mehmet Kaya', 'mehmet_kaya02@gmail.com', 'gizli456', 'yönetici'),
(4, 'Ahmet Yılmaz', 'ahmetyilmaz3434@gmail.com', 'admin123', 'yönetici'),
(6, 'Ekrem Kılıç', 'ekrem111@gmail.com', 'EkremKılıç', 'çalışan'),
(7, 'Kadir Yılmaz', 'kadiryilmaz@gmail.com', 'KadirYılmaz', 'çalışan'),
(8, 'Ali Gürsoy', 'aligursoy17.amz@gmail.com', 'AliGürsoy', 'yönetici'),
(9, 'Muhammed Demir', 'muhammedsatdemir02@gmail.com', 'MuhammedDemirr', 'yönetici'),
(10, 'Melek Demir', 'melek_02@hotmail.com', 'MelekDemir', 'yönetici'),
(11, 'Enes Miroğlu', 'enesmiroglu@gmail.com', 'EnesMiroglu', 'çalışan'),
(12, 'Kevser Yılmaz', 'kevseryilmaz@gmail.com', 'KevserYılmaz', 'çalışan'),
(15, 'Osman Kaya', 'osmankaya11@gmail.com', 'OsmanKaya', 'çalışan'),
(16, 'Ahmet Bayraktar', 'ahmetbayraktar@gmail.com', 'AhmetBayraktar', 'çalışan');

-- --------------------------------------------------------

--
-- Tablo için tablo yapısı `proje`
--

CREATE TABLE `proje` (
  `PID` int NOT NULL,
  `PAdi` varchar(70) NOT NULL,
  `baslangic_tarihi` date NOT NULL,
  `bitis_tarihi` date NOT NULL,
  `PDurumu` enum('Devam Ediyor','Tamamlandı','Beklemede') DEFAULT 'Devam Ediyor',
  `Aciklama` text
) ENGINE=InnoDB DEFAULT CHARSET=utf8mb4 COLLATE=utf8mb4_0900_ai_ci;

--
-- Tablo döküm verisi `proje`
--

INSERT INTO `proje` (`PID`, `PAdi`, `baslangic_tarihi`, `bitis_tarihi`, `PDurumu`, `Aciklama`) VALUES
(1, 'AVM Projesi', '2024-01-02', '2025-12-01', 'Devam Ediyor', NULL),
(2, 'Sanayi Fabrika İnşaatı', '2023-05-15', '2024-11-30', 'Tamamlandı', 'Test ve devreye alma işlemleriyle birlikte proje teslim edildi.'),
(3, 'Turistik Otel Projesi', '2022-10-10', '2023-12-20', 'Tamamlandı', 'İç dekorasyon ve çevre düzenlemesiyle birlikte proje tamamlandı.'),
(4, 'Konut Projesi', '2023-06-01', '2025-06-01', 'Beklemede', 'İnşaatın tekrar başlaması için kaynak arayışı devam etmekte.'),
(6, 'Yurt İnşaatı', '2025-04-08', '2028-12-22', 'Beklemede', 'Zemin işleri ve hafriyat çalışmalarına başlanması planlanıyor.'),
(7, 'Spor Tesisi Projesi', '2024-07-18', '2027-02-20', 'Devam Ediyor', 'Üst yapı ve çevre düzenleme imalatlarına yakın zamanda geçilmesi planlanıyor.'),
(8, 'Teknoloji Geliştirme Merkezi', '2024-09-09', '2026-08-27', 'Devam Ediyor', NULL),
(11, 'Kongre ve Kültür Merkezi', '2023-02-06', '2025-05-12', 'Tamamlandı', NULL),
(12, 'Akıllı Lojistik Merkezi', '2025-05-21', '2027-09-10', 'Beklemede', NULL);

-- --------------------------------------------------------

--
-- Tablo için tablo yapısı `proje_asama`
--

CREATE TABLE `proje_asama` (
  `ASID` int NOT NULL,
  `PID` int NOT NULL,
  `tarih` date DEFAULT NULL,
  `aciklama` text,
  `ekleyen_ad` varchar(100) DEFAULT NULL,
  `ekleyen_rol` varchar(50) DEFAULT NULL,
  `onaylayan_ad` varchar(100) DEFAULT NULL,
  `onaylayan_rol` varchar(50) DEFAULT NULL
) ENGINE=InnoDB DEFAULT CHARSET=utf8mb4 COLLATE=utf8mb4_0900_ai_ci;

--
-- Tablo döküm verisi `proje_asama`
--

INSERT INTO `proje_asama` (`ASID`, `PID`, `tarih`, `aciklama`, `ekleyen_ad`, `ekleyen_rol`, `onaylayan_ad`, `onaylayan_rol`) VALUES
(16, 2, '2023-09-13', 'Temel ve kolon-perde imalatları hızlı şekilde tamamlandı.', 'Muhammed Demir', 'yönetici', NULL, NULL),
(17, 2, '2024-03-12', 'Çatı kaplama, panel cephe ve mekanik montajlar gerçekleştirildi.', 'Kadir Yılmaz', 'çalışan', 'Mehmet Kaya', 'yönetici'),
(18, 2, '2024-11-25', 'Test ve devreye alma işlemleriyle birlikte proje teslim edildi.', 'Ekrem Kılıç', 'çalışan', 'Melek Demir', 'yönetici'),
(19, 3, '2022-12-06', 'Hafriyat ve temel işleri tamamlanarak kaba inşaata geçildi.', 'Ekrem Kılıç', 'çalışan', NULL, NULL),
(20, 3, '2023-06-03', 'Yapı karkası ve cephe uygulamaları tamamlandı, iç mekanlara geçildi.', 'Muhammed Demir', 'yönetici', NULL, NULL),
(21, 3, '2023-12-27', 'İç dekorasyon ve çevre düzenlemesiyle birlikte proje tamamlandı.', 'Kadir Yılmaz', 'çalışan', 'Muhammed Demir', 'yönetici'),
(22, 4, '2023-07-01', 'Projenin başlangıcından kısa süre sonra hukuki nedenlerle bekleme sürecine girildi.', 'Kadir Yılmaz', 'çalışan', 'Melek Demir', 'yönetici'),
(23, 4, '2024-06-30', 'Ruhsat, imar ve zemin etüt çalışmaları hazır durumda tutuldu.', 'Ekrem Kılıç', 'çalışan', NULL, NULL),
(24, 4, '2025-01-05', 'İnşaatın tekrar başlaması için kaynak arayışı devam etmekte.', 'Muhammed Demir', 'yönetici', NULL, NULL),
(25, 6, '2025-04-17', 'Proje resmi olarak başlatıldı ve saha hazırlıkları da kısa süre içinde aktif olacak.', 'Muhammed Demir', 'yönetici', NULL, NULL),
(26, 6, '2025-04-29', 'İhale süreci sonlanmak üzere ve şantiye kurulum hazırlıkları devam etmektedir.', 'Ali Gürsoy', 'çalışan', NULL, NULL),
(27, 6, '2025-05-12', 'Zemin işleri ve hafriyat çalışmalarına başlanması planlanıyor.', 'Mehmet Kaya', 'yönetici', NULL, NULL),
(28, 7, '2024-08-29', 'Saha hazırlığı ve kazı işleri tamamlanarak temele geçildi.', 'Mehmet Kaya', 'yönetici', NULL, NULL),
(29, 7, '2025-02-19', 'Spor salonları, yüzme havuzu gibi temel yapıların inşasına başlandı.', 'Muhammed Demir', 'yönetici', NULL, NULL),
(30, 7, '2025-05-02', 'Üst yapı ve çevre düzenleme imalatlarına yakın zamanda geçilmesi planlanıyor.', 'Ali Gürsoy', 'çalışan', 'Ahmet Yılmaz', 'yönetici');

-- --------------------------------------------------------

--
-- Tablo için tablo yapısı `proje_asamalari`
--

CREATE TABLE `proje_asamalari` (
  `AID` int NOT NULL,
  `PID` int NOT NULL,
  `tarih` date NOT NULL,
  `aciklama` text NOT NULL,
  `ekleyen_id` int DEFAULT NULL,
  `onayli` tinyint(1) DEFAULT '0',
  `onaylayan_id` int DEFAULT NULL,
  `duzenleyen_id` int DEFAULT NULL,
  `duzenleme_tarihi` datetime DEFAULT NULL,
  `eski_aciklama` text,
  `duzenleme_aciklama` text
) ENGINE=InnoDB DEFAULT CHARSET=utf8mb4 COLLATE=utf8mb4_0900_ai_ci;

--
-- Tablo döküm verisi `proje_asamalari`
--

INSERT INTO `proje_asamalari` (`AID`, `PID`, `tarih`, `aciklama`, `ekleyen_id`, `onayli`, `onaylayan_id`, `duzenleyen_id`, `duzenleme_tarihi`, `eski_aciklama`, `duzenleme_aciklama`) VALUES
(1, 1, '2025-04-22', 'Betonarme karkas tamamlandı.', NULL, 0, NULL, NULL, NULL, NULL, NULL),
(2, 1, '2024-01-03', 'Mimari proje çizimleri başlatıldı.', NULL, 0, NULL, NULL, NULL, NULL, NULL),
(4, 2, '2023-09-13', 'Temel ve kolon-perde imalatları hızlı şekilde tamamlandı.', 9, 1, 9, NULL, NULL, NULL, NULL),
(5, 3, '2023-06-03', 'Yapı karkası ve cephe uygulamaları tamamlandı, iç mekanlara geçildi.', 9, 1, 9, NULL, NULL, NULL, NULL),
(6, 4, '2025-01-05', 'İnşaatın tekrar başlaması için kaynak arayışı devam etmekte.', 9, 1, 9, NULL, NULL, NULL, NULL),
(7, 6, '2025-04-17', 'Proje resmi olarak başlatıldı ve saha hazırlıkları da kısa süre içinde aktif olacak.', 9, 1, 9, 9, '2025-04-25 18:04:51', 'Proje resmi olarak başlatıldı ancak saha hazırlıklarına henüz geçilmedi.', NULL),
(8, 7, '2025-02-19', 'Spor salonları, yüzme havuzu gibi temel yapıların inşasına başlandı.', 9, 1, 9, NULL, NULL, NULL, NULL),
(9, 2, '2024-03-12', 'Çatı kaplama, panel cephe ve mekanik montajlar gerçekleştirildi.', 7, 1, 2, NULL, NULL, NULL, NULL),
(10, 3, '2023-12-27', 'İç dekorasyon ve çevre düzenlemesiyle birlikte proje tamamlandı.', 7, 1, 9, NULL, NULL, NULL, NULL),
(11, 4, '2023-07-01', 'Projenin başlangıcından hukuki nedenlerle bekleme sürecine girildi.', 7, 1, 10, 9, '2025-05-13 11:15:45', 'Projenin başlangıcından kısa süre sonra hukuki nedenlerle bekleme sürecine girildi.', 'Projenin başlangıcından kısa süre sonra hukuki nedenlerle bekleme sürecine girildi.'),
(12, 6, '2025-04-29', 'İhale süreci sonlanmak üzere ve şantiye kurulum hazırlıkları devam etmektedir.', 8, 0, NULL, 10, '2025-04-24 22:49:30', 'İhale süreci ve şantiye kurulum hazırlıkları devam etmektedir.', NULL),
(13, 7, '2025-05-02', 'Üst yapı ve çevre düzenleme imalatlarına yakın zamanda geçilmesi planlanıyor.', 8, 0, NULL, 4, '2025-04-24 22:18:43', 'Üst yapı ve çevre düzenleme imalatlarına geçilmesi planlanıyor.', NULL),
(14, 2, '2024-11-25', 'Test ve devreye alma işlemleriyle birlikte proje teslim edildi.', 6, 1, 10, NULL, NULL, NULL, NULL),
(15, 3, '2022-12-06', 'Hafriyat ve temel işleri tamamlanarak kaba inşaata geçildi.', 6, 1, 9, NULL, NULL, NULL, NULL),
(16, 4, '2024-06-30', 'Ruhsat, imar ve zemin etüt çalışmaları hazır durumda tutuldu.', 6, 1, 4, NULL, NULL, NULL, NULL),
(17, 6, '2025-05-12', 'Zemin işleri ve hafriyat çalışmalarına başlanması planlanıyor.', 2, 1, 2, NULL, NULL, NULL, NULL),
(18, 7, '2024-08-29', 'Saha hazırlığı ve kazı işleri tamamlanarak temele geçildi.', 2, 1, 2, NULL, NULL, NULL, NULL),
(19, 8, '2024-12-20', 'Proje sahasında sınırlandırma ve temel çalışmaları tamamlandı.', 9, 1, 9, 9, '2025-05-09 17:57:18', 'Proje sahasında sınırlandırma çalışmaları tamamlandı.', NULL),
(20, 8, '2025-02-12', 'Kazı işlemleri için yüklenici firma ile sözleşme yapıldı.', 7, 1, 4, 4, '2025-05-09 18:00:34', 'Kazı ve fore kazık işlemleri için yüklenici firma ile sözleşme yapıldı.', NULL),
(21, 8, '2025-05-09', 'Betonarme karkas sistem projesi onaylandı ve malzeme teminine başlandı.', 8, 0, NULL, NULL, NULL, NULL, NULL),
(24, 11, '2023-03-13', 'Mimari proje onay süreci tamamlandı.', 9, 1, 9, NULL, NULL, NULL, NULL),
(25, 3, '2025-05-13', 'Güvenlik ve kontrol sistemleri montajına geçildi.', 9, 1, 9, NULL, NULL, NULL, NULL);

-- --------------------------------------------------------

--
-- Tablo için tablo yapısı `proje_kaynak`
--

CREATE TABLE `proje_kaynak` (
  `PKID` int NOT NULL,
  `PID` int NOT NULL,
  `KAID` int NOT NULL,
  `planlanan_miktar` decimal(10,2) NOT NULL DEFAULT '0.00'
) ENGINE=InnoDB DEFAULT CHARSET=utf8mb4 COLLATE=utf8mb4_0900_ai_ci;

--
-- Tablo döküm verisi `proje_kaynak`
--

INSERT INTO `proje_kaynak` (`PKID`, `PID`, `KAID`, `planlanan_miktar`) VALUES
(1, 1, 6, 0.00),
(2, 1, 12, 0.00),
(3, 1, 18, 0.00),
(4, 1, 24, 0.00),
(5, 1, 30, 0.00),
(6, 1, 36, 0.00),
(7, 1, 42, 0.00),
(8, 1, 48, 0.00),
(9, 1, 54, 0.00),
(10, 1, 60, 0.00),
(11, 1, 66, 0.00),
(12, 1, 72, 0.00),
(13, 1, 78, 0.00),
(14, 1, 84, 0.00),
(15, 1, 90, 0.00),
(16, 1, 96, 0.00),
(17, 1, 102, 0.00),
(18, 1, 108, 0.00),
(19, 1, 114, 0.00),
(20, 1, 120, 0.00),
(21, 1, 126, 0.00),
(22, 1, 132, 0.00),
(23, 1, 138, 0.00),
(24, 1, 144, 0.00),
(25, 1, 150, 0.00),
(26, 1, 156, 0.00),
(27, 1, 162, 0.00),
(28, 1, 168, 0.00),
(29, 1, 174, 0.00),
(30, 1, 180, 0.00),
(31, 1, 186, 0.00),
(32, 1, 192, 0.00),
(33, 1, 198, 0.00),
(34, 1, 204, 0.00),
(35, 1, 210, 0.00),
(36, 1, 216, 0.00),
(37, 1, 222, 0.00),
(38, 1, 228, 0.00),
(39, 1, 234, 0.00),
(40, 1, 240, 0.00),
(41, 1, 246, 0.00),
(42, 1, 252, 0.00),
(43, 1, 258, 0.00),
(44, 1, 264, 0.00),
(45, 1, 270, 0.00),
(46, 1, 276, 0.00),
(47, 1, 282, 0.00),
(48, 1, 288, 0.00),
(49, 1, 294, 0.00),
(50, 1, 300, 0.00),
(51, 1, 306, 0.00),
(52, 1, 312, 0.00),
(53, 1, 318, 0.00),
(54, 1, 324, 0.00),
(55, 1, 330, 0.00),
(56, 1, 336, 0.00),
(57, 1, 342, 0.00),
(58, 1, 348, 0.00),
(59, 1, 354, 0.00),
(60, 1, 360, 0.00),
(61, 1, 366, 0.00),
(62, 1, 372, 0.00),
(63, 1, 378, 0.00),
(64, 1, 384, 0.00),
(65, 1, 390, 0.00),
(66, 1, 396, 0.00),
(67, 1, 402, 0.00),
(68, 1, 408, 0.00),
(69, 1, 414, 0.00),
(70, 1, 420, 0.00),
(71, 1, 426, 0.00),
(72, 1, 432, 0.00),
(73, 1, 438, 0.00),
(74, 1, 444, 0.00),
(75, 1, 450, 0.00),
(76, 1, 456, 0.00),
(77, 1, 462, 0.00),
(78, 1, 468, 0.00),
(79, 1, 474, 0.00),
(80, 1, 480, 0.00),
(81, 1, 486, 0.00),
(82, 1, 492, 0.00),
(83, 1, 498, 0.00),
(84, 1, 504, 0.00),
(85, 1, 510, 0.00),
(86, 1, 516, 0.00),
(87, 1, 522, 0.00),
(88, 1, 528, 0.00),
(89, 1, 534, 0.00),
(90, 1, 540, 0.00),
(91, 1, 546, 0.00),
(92, 1, 552, 0.00),
(93, 1, 558, 0.00),
(94, 1, 564, 0.00),
(95, 1, 570, 0.00),
(96, 1, 576, 0.00),
(97, 1, 582, 0.00),
(98, 1, 588, 0.00),
(99, 1, 594, 0.00),
(100, 1, 600, 0.00),
(101, 1, 606, 0.00),
(102, 1, 612, 0.00),
(103, 1, 618, 0.00),
(104, 1, 624, 0.00),
(105, 1, 630, 0.00),
(106, 1, 636, 0.00),
(107, 1, 642, 0.00),
(108, 1, 648, 0.00),
(109, 1, 654, 0.00),
(110, 1, 660, 0.00),
(111, 1, 666, 0.00),
(112, 1, 672, 0.00),
(113, 1, 678, 0.00),
(114, 1, 684, 0.00),
(115, 1, 690, 0.00),
(116, 1, 696, 0.00),
(117, 1, 702, 0.00),
(118, 1, 708, 0.00),
(119, 1, 714, 0.00),
(120, 1, 720, 0.00),
(121, 1, 726, 0.00),
(122, 1, 732, 0.00),
(123, 1, 738, 0.00),
(124, 1, 744, 0.00),
(125, 1, 750, 0.00),
(126, 2, 5, 0.00),
(127, 2, 11, 0.00),
(128, 2, 17, 0.00),
(129, 2, 23, 0.00),
(130, 2, 29, 0.00),
(131, 2, 35, 0.00),
(132, 2, 41, 0.00),
(133, 2, 47, 0.00),
(134, 2, 53, 0.00),
(135, 2, 59, 0.00),
(136, 2, 65, 0.00),
(137, 2, 71, 0.00),
(138, 2, 77, 0.00),
(139, 2, 83, 0.00),
(140, 2, 89, 0.00),
(141, 2, 95, 0.00),
(142, 2, 101, 0.00),
(143, 2, 107, 0.00),
(144, 2, 113, 0.00),
(145, 2, 119, 0.00),
(146, 2, 125, 0.00),
(147, 2, 131, 0.00),
(148, 2, 137, 0.00),
(149, 2, 143, 0.00),
(150, 2, 149, 0.00),
(151, 2, 155, 0.00),
(152, 2, 161, 0.00),
(153, 2, 167, 0.00),
(154, 2, 173, 0.00),
(155, 2, 179, 0.00),
(156, 2, 185, 0.00),
(157, 2, 191, 0.00),
(158, 2, 197, 0.00),
(159, 2, 203, 0.00),
(160, 2, 209, 0.00),
(161, 2, 215, 0.00),
(162, 2, 221, 0.00),
(163, 2, 227, 0.00),
(164, 2, 233, 0.00),
(165, 2, 239, 0.00),
(166, 2, 245, 0.00),
(167, 2, 251, 0.00),
(168, 2, 257, 0.00),
(169, 2, 263, 0.00),
(170, 2, 269, 0.00),
(171, 2, 275, 0.00),
(172, 2, 281, 0.00),
(173, 2, 287, 0.00),
(174, 2, 293, 0.00),
(175, 2, 299, 0.00),
(176, 2, 305, 0.00),
(177, 2, 311, 0.00),
(178, 2, 317, 0.00),
(179, 2, 323, 0.00),
(180, 2, 329, 0.00),
(181, 2, 335, 0.00),
(182, 2, 341, 0.00),
(183, 2, 347, 0.00),
(184, 2, 353, 0.00),
(185, 2, 359, 0.00),
(186, 2, 365, 0.00),
(187, 2, 371, 0.00),
(188, 2, 377, 0.00),
(189, 2, 383, 0.00),
(190, 2, 389, 0.00),
(191, 2, 395, 0.00),
(192, 2, 401, 0.00),
(193, 2, 407, 0.00),
(194, 2, 413, 0.00),
(195, 2, 419, 0.00),
(196, 2, 425, 0.00),
(197, 2, 431, 0.00),
(198, 2, 437, 0.00),
(199, 2, 443, 0.00),
(200, 2, 449, 0.00),
(201, 2, 455, 0.00),
(202, 2, 461, 0.00),
(203, 2, 467, 0.00),
(204, 2, 473, 0.00),
(205, 2, 479, 0.00),
(206, 2, 485, 0.00),
(207, 2, 491, 0.00),
(208, 2, 497, 0.00),
(209, 2, 503, 0.00),
(210, 2, 509, 0.00),
(211, 2, 515, 0.00),
(212, 2, 521, 0.00),
(213, 2, 527, 0.00),
(214, 2, 533, 0.00),
(215, 2, 539, 0.00),
(216, 2, 545, 0.00),
(217, 2, 551, 0.00),
(218, 2, 557, 0.00),
(219, 2, 563, 0.00),
(220, 2, 569, 0.00),
(221, 2, 575, 0.00),
(222, 2, 581, 0.00),
(223, 2, 587, 0.00),
(224, 2, 593, 0.00),
(225, 2, 599, 0.00),
(226, 2, 605, 0.00),
(227, 2, 611, 0.00),
(228, 2, 617, 0.00),
(229, 2, 623, 0.00),
(230, 2, 629, 0.00),
(231, 2, 635, 0.00),
(232, 2, 641, 0.00),
(233, 2, 647, 0.00),
(234, 2, 653, 0.00),
(235, 2, 659, 0.00),
(236, 2, 665, 0.00),
(237, 2, 671, 0.00),
(238, 2, 677, 0.00),
(239, 2, 683, 0.00),
(240, 2, 689, 0.00),
(241, 2, 695, 0.00),
(242, 2, 701, 0.00),
(243, 2, 707, 0.00),
(244, 2, 713, 0.00),
(245, 2, 719, 0.00),
(246, 2, 725, 0.00),
(247, 2, 731, 0.00),
(248, 2, 737, 0.00),
(249, 2, 743, 0.00),
(250, 2, 749, 0.00),
(251, 3, 4, 0.00),
(252, 3, 10, 0.00),
(253, 3, 16, 0.00),
(254, 3, 22, 0.00),
(255, 3, 28, 0.00),
(256, 3, 34, 0.00),
(257, 3, 40, 0.00),
(258, 3, 46, 0.00),
(259, 3, 52, 0.00),
(260, 3, 58, 0.00),
(261, 3, 64, 0.00),
(262, 3, 70, 0.00),
(263, 3, 76, 0.00),
(264, 3, 82, 0.00),
(265, 3, 88, 0.00),
(266, 3, 94, 0.00),
(267, 3, 100, 0.00),
(268, 3, 106, 0.00),
(269, 3, 112, 0.00),
(270, 3, 118, 0.00),
(271, 3, 124, 0.00),
(272, 3, 130, 0.00),
(273, 3, 136, 0.00),
(274, 3, 142, 0.00),
(275, 3, 148, 0.00),
(276, 3, 154, 0.00),
(277, 3, 160, 0.00),
(278, 3, 166, 0.00),
(279, 3, 172, 0.00),
(280, 3, 178, 0.00),
(281, 3, 184, 0.00),
(282, 3, 190, 0.00),
(283, 3, 196, 0.00),
(284, 3, 202, 0.00),
(285, 3, 208, 0.00),
(286, 3, 214, 0.00),
(287, 3, 220, 0.00),
(288, 3, 226, 0.00),
(289, 3, 232, 0.00),
(290, 3, 238, 0.00),
(291, 3, 244, 0.00),
(292, 3, 250, 0.00),
(293, 3, 256, 0.00),
(294, 3, 262, 0.00),
(295, 3, 268, 0.00),
(296, 3, 274, 0.00),
(297, 3, 280, 0.00),
(298, 3, 286, 0.00),
(299, 3, 292, 0.00),
(300, 3, 298, 0.00),
(301, 3, 304, 0.00),
(302, 3, 310, 0.00),
(303, 3, 316, 0.00),
(304, 3, 322, 0.00),
(305, 3, 328, 0.00),
(306, 3, 334, 0.00),
(307, 3, 340, 0.00),
(308, 3, 346, 0.00),
(309, 3, 352, 0.00),
(310, 3, 358, 0.00),
(311, 3, 364, 0.00),
(312, 3, 370, 0.00),
(313, 3, 376, 0.00),
(314, 3, 382, 0.00),
(315, 3, 388, 0.00),
(316, 3, 394, 0.00),
(317, 3, 400, 0.00),
(318, 3, 406, 0.00),
(319, 3, 412, 0.00),
(320, 3, 418, 0.00),
(321, 3, 424, 0.00),
(322, 3, 430, 0.00),
(323, 3, 436, 0.00),
(324, 3, 442, 0.00),
(325, 3, 448, 0.00),
(326, 3, 454, 0.00),
(327, 3, 460, 0.00),
(328, 3, 466, 0.00),
(329, 3, 472, 0.00),
(330, 3, 478, 0.00),
(331, 3, 484, 0.00),
(332, 3, 490, 0.00),
(333, 3, 496, 0.00),
(334, 3, 502, 0.00),
(335, 3, 508, 0.00),
(336, 3, 514, 0.00),
(337, 3, 520, 0.00),
(338, 3, 526, 0.00),
(339, 3, 532, 0.00),
(340, 3, 538, 0.00),
(341, 3, 544, 0.00),
(342, 3, 550, 0.00),
(343, 3, 556, 0.00),
(344, 3, 562, 0.00),
(345, 3, 568, 0.00),
(346, 3, 574, 0.00),
(347, 3, 580, 0.00),
(348, 3, 586, 0.00),
(349, 3, 592, 0.00),
(350, 3, 598, 0.00),
(351, 3, 604, 0.00),
(352, 3, 610, 0.00),
(353, 3, 616, 0.00),
(354, 3, 622, 0.00),
(355, 3, 628, 0.00),
(356, 3, 634, 0.00),
(357, 3, 640, 0.00),
(358, 3, 646, 0.00),
(359, 3, 652, 0.00),
(360, 3, 658, 0.00),
(361, 3, 664, 0.00),
(362, 3, 670, 0.00),
(363, 3, 676, 0.00),
(364, 3, 682, 0.00),
(365, 3, 688, 0.00),
(366, 3, 694, 0.00),
(367, 3, 700, 0.00),
(368, 3, 706, 0.00),
(369, 3, 712, 0.00),
(370, 3, 718, 0.00),
(371, 3, 724, 0.00),
(372, 3, 730, 0.00),
(373, 3, 736, 0.00),
(374, 3, 742, 0.00),
(375, 3, 748, 0.00),
(376, 4, 3, 0.00),
(377, 4, 9, 0.00),
(378, 4, 15, 0.00),
(379, 4, 21, 0.00),
(380, 4, 27, 0.00),
(381, 4, 33, 0.00),
(382, 4, 39, 0.00),
(383, 4, 45, 0.00),
(384, 4, 51, 0.00),
(385, 4, 57, 0.00),
(386, 4, 63, 0.00),
(387, 4, 69, 0.00),
(388, 4, 75, 0.00),
(389, 4, 81, 0.00),
(390, 4, 87, 0.00),
(391, 4, 93, 0.00),
(392, 4, 99, 0.00),
(393, 4, 105, 0.00),
(394, 4, 111, 0.00),
(395, 4, 117, 0.00),
(396, 4, 123, 0.00),
(397, 4, 129, 0.00),
(398, 4, 135, 0.00),
(399, 4, 141, 0.00),
(400, 4, 147, 0.00),
(401, 4, 153, 0.00),
(402, 4, 159, 0.00),
(403, 4, 165, 0.00),
(404, 4, 171, 0.00),
(405, 4, 177, 0.00),
(406, 4, 183, 0.00),
(407, 4, 189, 0.00),
(408, 4, 195, 0.00),
(409, 4, 201, 0.00),
(410, 4, 207, 0.00),
(411, 4, 213, 0.00),
(412, 4, 219, 0.00),
(413, 4, 225, 0.00),
(414, 4, 231, 0.00),
(415, 4, 237, 0.00),
(416, 4, 243, 0.00),
(417, 4, 249, 0.00),
(418, 4, 255, 0.00),
(419, 4, 261, 0.00),
(420, 4, 267, 0.00),
(421, 4, 273, 0.00),
(422, 4, 279, 0.00),
(423, 4, 285, 0.00),
(424, 4, 291, 0.00),
(425, 4, 297, 0.00),
(426, 4, 303, 0.00),
(427, 4, 309, 0.00),
(428, 4, 315, 0.00),
(429, 4, 321, 0.00),
(430, 4, 327, 0.00),
(431, 4, 333, 0.00),
(432, 4, 339, 0.00),
(433, 4, 345, 0.00),
(434, 4, 351, 0.00),
(435, 4, 357, 0.00),
(436, 4, 363, 0.00),
(437, 4, 369, 0.00),
(438, 4, 375, 0.00),
(439, 4, 381, 0.00),
(440, 4, 387, 0.00),
(441, 4, 393, 0.00),
(442, 4, 399, 0.00),
(443, 4, 405, 0.00),
(444, 4, 411, 0.00),
(445, 4, 417, 0.00),
(446, 4, 423, 0.00),
(447, 4, 429, 0.00),
(448, 4, 435, 0.00),
(449, 4, 441, 0.00),
(450, 4, 447, 0.00),
(451, 4, 453, 0.00),
(452, 4, 459, 0.00),
(453, 4, 465, 0.00),
(454, 4, 471, 0.00),
(455, 4, 477, 0.00),
(456, 4, 483, 0.00),
(457, 4, 489, 0.00),
(458, 4, 495, 0.00),
(459, 4, 501, 0.00),
(460, 4, 507, 0.00),
(461, 4, 513, 0.00),
(462, 4, 519, 0.00),
(463, 4, 525, 0.00),
(464, 4, 531, 0.00),
(465, 4, 537, 0.00),
(466, 4, 543, 0.00),
(467, 4, 549, 0.00),
(468, 4, 555, 0.00),
(469, 4, 561, 0.00),
(470, 4, 567, 0.00),
(471, 4, 573, 0.00),
(472, 4, 579, 0.00),
(473, 4, 585, 0.00),
(474, 4, 591, 0.00),
(475, 4, 597, 0.00),
(476, 4, 603, 0.00),
(477, 4, 609, 0.00),
(478, 4, 615, 0.00),
(479, 4, 621, 0.00),
(480, 4, 627, 0.00),
(481, 4, 633, 0.00),
(482, 4, 639, 0.00),
(483, 4, 645, 0.00),
(484, 4, 651, 0.00),
(485, 4, 657, 0.00),
(486, 4, 663, 0.00),
(487, 4, 669, 0.00),
(488, 4, 675, 0.00),
(489, 4, 681, 0.00),
(490, 4, 687, 0.00),
(491, 4, 693, 0.00),
(492, 4, 699, 0.00),
(493, 4, 705, 0.00),
(494, 4, 711, 0.00),
(495, 4, 717, 0.00),
(496, 4, 723, 0.00),
(497, 4, 729, 0.00),
(498, 4, 735, 0.00),
(499, 4, 741, 0.00),
(500, 4, 747, 0.00),
(501, 6, 2, 0.00),
(502, 6, 8, 0.00),
(503, 6, 14, 0.00),
(504, 6, 20, 0.00),
(505, 6, 26, 0.00),
(506, 6, 32, 0.00),
(507, 6, 38, 0.00),
(508, 6, 44, 0.00),
(509, 6, 50, 0.00),
(510, 6, 56, 0.00),
(511, 6, 62, 0.00),
(512, 6, 68, 0.00),
(513, 6, 74, 0.00),
(514, 6, 80, 0.00),
(515, 6, 86, 0.00),
(516, 6, 92, 0.00),
(517, 6, 98, 0.00),
(518, 6, 104, 0.00),
(519, 6, 110, 0.00),
(520, 6, 116, 0.00),
(521, 6, 122, 0.00),
(522, 6, 128, 0.00),
(523, 6, 134, 0.00),
(524, 6, 140, 0.00),
(525, 6, 146, 0.00),
(526, 6, 152, 0.00),
(527, 6, 158, 0.00),
(528, 6, 164, 0.00),
(529, 6, 170, 0.00),
(530, 6, 176, 0.00),
(531, 6, 182, 0.00),
(532, 6, 188, 0.00),
(533, 6, 194, 0.00),
(534, 6, 200, 0.00),
(535, 6, 206, 0.00),
(536, 6, 212, 0.00),
(537, 6, 218, 0.00),
(538, 6, 224, 0.00),
(539, 6, 230, 0.00),
(540, 6, 236, 0.00),
(541, 6, 242, 0.00),
(542, 6, 248, 0.00),
(543, 6, 254, 0.00),
(544, 6, 260, 0.00),
(545, 6, 266, 0.00),
(546, 6, 272, 0.00),
(547, 6, 278, 0.00),
(548, 6, 284, 0.00),
(549, 6, 290, 0.00),
(550, 6, 296, 0.00),
(551, 6, 302, 0.00),
(552, 6, 308, 0.00),
(553, 6, 314, 0.00),
(554, 6, 320, 0.00),
(555, 6, 326, 0.00),
(556, 6, 332, 0.00),
(557, 6, 338, 0.00),
(558, 6, 344, 0.00),
(559, 6, 350, 0.00),
(560, 6, 356, 0.00),
(561, 6, 362, 0.00),
(562, 6, 368, 0.00),
(563, 6, 374, 0.00),
(564, 6, 380, 0.00),
(565, 6, 386, 0.00),
(566, 6, 392, 0.00),
(567, 6, 398, 0.00),
(568, 6, 404, 0.00),
(569, 6, 410, 0.00),
(570, 6, 416, 0.00),
(571, 6, 422, 0.00),
(572, 6, 428, 0.00),
(573, 6, 434, 0.00),
(574, 6, 440, 0.00),
(575, 6, 446, 0.00),
(576, 6, 452, 0.00),
(577, 6, 458, 0.00),
(578, 6, 464, 0.00),
(579, 6, 470, 0.00),
(580, 6, 476, 0.00),
(581, 6, 482, 0.00),
(582, 6, 488, 0.00),
(583, 6, 494, 0.00),
(584, 6, 500, 0.00),
(585, 6, 506, 0.00),
(586, 6, 512, 0.00),
(587, 6, 518, 0.00),
(588, 6, 524, 0.00),
(589, 6, 530, 0.00),
(590, 6, 536, 0.00),
(591, 6, 542, 0.00),
(592, 6, 548, 0.00),
(593, 6, 554, 0.00),
(594, 6, 560, 0.00),
(595, 6, 566, 0.00),
(596, 6, 572, 0.00),
(597, 6, 578, 0.00),
(598, 6, 584, 0.00),
(599, 6, 590, 0.00),
(600, 6, 596, 0.00),
(601, 6, 602, 0.00),
(602, 6, 608, 0.00),
(603, 6, 614, 0.00),
(604, 6, 620, 0.00),
(605, 6, 626, 0.00),
(606, 6, 632, 0.00),
(607, 6, 638, 0.00),
(608, 6, 644, 0.00),
(609, 6, 650, 0.00),
(610, 6, 656, 0.00),
(611, 6, 662, 0.00),
(612, 6, 668, 0.00),
(613, 6, 674, 0.00),
(614, 6, 680, 0.00),
(615, 6, 686, 0.00),
(616, 6, 692, 0.00),
(617, 6, 698, 0.00),
(618, 6, 704, 0.00),
(619, 6, 710, 0.00),
(620, 6, 716, 0.00),
(621, 6, 722, 0.00),
(622, 6, 728, 0.00),
(623, 6, 734, 0.00),
(624, 6, 740, 0.00),
(625, 6, 746, 0.00),
(626, 7, 1, 0.00),
(627, 7, 7, 0.00),
(628, 7, 13, 0.00),
(629, 7, 19, 0.00),
(630, 7, 25, 0.00),
(631, 7, 31, 0.00),
(632, 7, 37, 0.00),
(633, 7, 43, 0.00),
(634, 7, 49, 0.00),
(635, 7, 55, 0.00),
(636, 7, 61, 0.00),
(637, 7, 67, 0.00),
(638, 7, 73, 0.00),
(639, 7, 79, 0.00),
(640, 7, 85, 0.00),
(641, 7, 91, 0.00),
(642, 7, 97, 0.00),
(643, 7, 103, 0.00),
(644, 7, 109, 0.00),
(645, 7, 115, 0.00),
(646, 7, 121, 0.00),
(647, 7, 127, 0.00),
(648, 7, 133, 0.00),
(649, 7, 139, 0.00),
(650, 7, 145, 0.00),
(651, 7, 151, 0.00),
(652, 7, 157, 0.00),
(653, 7, 163, 0.00),
(654, 7, 169, 0.00),
(655, 7, 175, 0.00),
(656, 7, 181, 0.00),
(657, 7, 187, 0.00),
(658, 7, 193, 0.00),
(659, 7, 199, 0.00),
(660, 7, 205, 0.00),
(661, 7, 211, 0.00),
(662, 7, 217, 0.00),
(663, 7, 223, 0.00),
(664, 7, 229, 0.00),
(665, 7, 235, 0.00),
(666, 7, 241, 0.00),
(667, 7, 247, 0.00),
(668, 7, 253, 0.00),
(669, 7, 259, 0.00),
(670, 7, 265, 0.00),
(671, 7, 271, 0.00),
(672, 7, 277, 0.00),
(673, 7, 283, 0.00),
(674, 7, 289, 0.00),
(675, 7, 295, 0.00),
(676, 7, 301, 0.00),
(677, 7, 307, 0.00),
(678, 7, 313, 0.00),
(679, 7, 319, 0.00),
(680, 7, 325, 0.00),
(681, 7, 331, 0.00),
(682, 7, 337, 0.00),
(683, 7, 343, 0.00),
(684, 7, 349, 0.00),
(685, 7, 355, 0.00),
(686, 7, 361, 0.00),
(687, 7, 367, 0.00),
(688, 7, 373, 0.00),
(689, 7, 379, 0.00),
(690, 7, 385, 0.00),
(691, 7, 391, 0.00),
(692, 7, 397, 0.00),
(693, 7, 403, 0.00),
(694, 7, 409, 0.00),
(695, 7, 415, 0.00),
(696, 7, 421, 0.00),
(697, 7, 427, 0.00),
(698, 7, 433, 0.00),
(699, 7, 439, 0.00),
(700, 7, 445, 0.00),
(701, 7, 451, 0.00),
(702, 7, 457, 0.00),
(703, 7, 463, 0.00),
(704, 7, 469, 0.00),
(705, 7, 475, 0.00),
(706, 7, 481, 0.00),
(707, 7, 487, 0.00),
(708, 7, 493, 0.00),
(709, 7, 499, 0.00),
(710, 7, 505, 0.00),
(711, 7, 511, 0.00),
(712, 7, 517, 0.00),
(713, 7, 523, 0.00),
(714, 7, 529, 0.00),
(715, 7, 535, 0.00),
(716, 7, 541, 0.00),
(717, 7, 547, 0.00),
(718, 7, 553, 0.00),
(719, 7, 559, 0.00),
(720, 7, 565, 0.00),
(721, 7, 571, 0.00),
(722, 7, 577, 0.00),
(723, 7, 583, 0.00),
(724, 7, 589, 0.00),
(725, 7, 595, 0.00),
(726, 7, 601, 0.00),
(727, 7, 607, 0.00),
(728, 7, 613, 0.00),
(729, 7, 619, 0.00),
(730, 7, 625, 0.00),
(731, 7, 631, 0.00),
(732, 7, 637, 0.00),
(733, 7, 643, 0.00),
(734, 7, 649, 0.00),
(735, 7, 655, 0.00),
(736, 7, 661, 0.00),
(737, 7, 667, 0.00),
(738, 7, 673, 0.00),
(739, 7, 679, 0.00),
(740, 7, 685, 0.00),
(741, 7, 691, 0.00),
(742, 7, 697, 0.00),
(743, 7, 703, 0.00),
(744, 7, 709, 0.00),
(745, 7, 715, 0.00),
(746, 7, 721, 0.00),
(747, 7, 727, 0.00),
(748, 7, 733, 0.00),
(749, 7, 739, 0.00),
(750, 7, 745, 0.00),
(751, 7, 1222, 150.00),
(752, 7, 1217, 300.00),
(753, 7, 1216, 5000.00),
(754, 7, 1154, 2000.00),
(755, 7, 1151, 800.00),
(756, 7, 1152, 500.00),
(757, 7, 1153, 3000.00),
(758, 7, 1223, 4000.00),
(759, 7, 1155, 150000.00),
(760, 7, 1219, 10000.00),
(761, 7, 1243, 1.00),
(762, 7, 1252, 3.00),
(763, 7, 1242, 2.00),
(764, 7, 1246, 500.00),
(765, 7, 1247, 2.00),
(766, 7, 1248, 2.00),
(767, 7, 1244, 1.00),
(768, 7, 1245, 1.00),
(769, 7, 1254, 5.00),
(770, 7, 1241, 1.00),
(771, 7, 1266, 5.00),
(772, 7, 1269, 8.00),
(773, 7, 1261, 50.00),
(774, 7, 1263, 15.00),
(775, 7, 1265, 2.00),
(776, 7, 1264, 5.00),
(777, 7, 1268, 1.00),
(778, 7, 1267, 5.00),
(779, 7, 1262, 10.00),
(780, 7, 1270, 1.00),
(781, 7, 1278, 0.00),
(782, 999, 999, 0.00),
(783, 1, 1, 100.00),
(784, 7, 1279, 0.00),
(785, 7, 1280, 0.00),
(786, 7, 1281, 0.00),
(787, 7, 1282, 0.00),
(788, 7, 1283, 0.00),
(789, 7, 1284, 0.00),
(790, 7, 1285, 0.00),
(791, 7, 1286, 0.00),
(792, 7, 1287, 0.00),
(793, 7, 1288, 0.00),
(794, 7, 14, 400.00),
(795, 7, 14, 400.00),
(796, 7, 64, 1.00),
(797, 7, 14, 400.00),
(798, 7, 0, 400.00),
(799, 7, 0, 400.00),
(800, 7, 14, 400.00),
(801, 7, 14, 400.00),
(802, 7, 1289, 0.00),
(803, 7, 1290, 0.00),
(804, 7, 46, 5.00),
(805, 7, 1291, 0.00),
(806, 7, 19, 20.00),
(807, 7, 19, 20.00),
(808, 7, 19, 20.00),
(809, 7, 7, 500.00),
(810, 7, 46, 5.00),
(811, 7, 46, 5.00),
(812, 7, 271, 5.00),
(813, 7, 1292, 0.00),
(814, 7, 307, 10.00),
(815, 7, 1293, 0.00),
(816, 7, 1421, 0.00),
(817, 7, 1422, 0.00),
(818, 8, 1300, 300.00),
(819, 8, 1423, 0.00),
(820, 11, 1425, 500.00),
(821, 11, 1489, 0.00),
(822, 11, 1474, 50.00),
(823, 11, 1490, 0.00),
(824, 7, 1491, 0.00),
(825, 7, 355, 5.00);

-- --------------------------------------------------------

--
-- Tablo için tablo yapısı `rapor`
--

CREATE TABLE `rapor` (
  `RID` int NOT NULL,
  `PID` int NOT NULL,
  `KID` int NOT NULL,
  `RTarihi` date NOT NULL,
  `aciklama` text NOT NULL
) ENGINE=InnoDB DEFAULT CHARSET=utf8mb4 COLLATE=utf8mb4_0900_ai_ci;

--
-- Tablo döküm verisi `rapor`
--

INSERT INTO `rapor` (`RID`, `PID`, `KID`, `RTarihi`, `aciklama`) VALUES
(1, 1, 2, '2024-03-01', 'Şantiye kuruldu, temel atma çalışmaları başladı.'),
(4, 3, 4, '2023-02-15', 'İç dekorasyon tamamlandı, elektrik tesisatı kontrol edildi.'),
(5, 4, 2, '2025-01-20', 'Projede ekipman sevkiyatı gerçekleştirildi.'),
(6, 4, 1, '2025-02-10', 'Şantiye güvenlik kontrolleri yapıldı.'),
(7, 1, 2, '2024-04-19', 'Temel için gerekli demirlerin döşenmesine başlandı.');

--
-- Dökümü yapılmış tablolar için indeksler
--

--
-- Tablo için indeksler `kaynak`
--
ALTER TABLE `kaynak`
  ADD PRIMARY KEY (`KAID`),
  ADD KEY `PID` (`PID`),
  ADD KEY `KTipID` (`KTipID`);

--
-- Tablo için indeksler `kaynak_kullanim`
--
ALTER TABLE `kaynak_kullanim`
  ADD PRIMARY KEY (`KKID`),
  ADD KEY `fk_kaynak_kullanim_kaynak` (`KAID`);

--
-- Tablo için indeksler `kaynak_tanim`
--
ALTER TABLE `kaynak_tanim`
  ADD PRIMARY KEY (`KTipID`);

--
-- Tablo için indeksler `kullanici`
--
ALTER TABLE `kullanici`
  ADD PRIMARY KEY (`KID`),
  ADD UNIQUE KEY `email` (`email`);

--
-- Tablo için indeksler `proje`
--
ALTER TABLE `proje`
  ADD PRIMARY KEY (`PID`);

--
-- Tablo için indeksler `proje_asama`
--
ALTER TABLE `proje_asama`
  ADD PRIMARY KEY (`ASID`);

--
-- Tablo için indeksler `proje_asamalari`
--
ALTER TABLE `proje_asamalari`
  ADD PRIMARY KEY (`AID`),
  ADD KEY `PID` (`PID`),
  ADD KEY `ekleyen_id` (`ekleyen_id`),
  ADD KEY `onaylayan_id` (`onaylayan_id`),
  ADD KEY `fk_duzenleyen` (`duzenleyen_id`);

--
-- Tablo için indeksler `proje_kaynak`
--
ALTER TABLE `proje_kaynak`
  ADD PRIMARY KEY (`PKID`);

--
-- Tablo için indeksler `rapor`
--
ALTER TABLE `rapor`
  ADD PRIMARY KEY (`RID`),
  ADD KEY `PID` (`PID`),
  ADD KEY `KID` (`KID`);

--
-- Dökümü yapılmış tablolar için AUTO_INCREMENT değeri
--

--
-- Tablo için AUTO_INCREMENT değeri `kaynak`
--
ALTER TABLE `kaynak`
  MODIFY `KAID` int NOT NULL AUTO_INCREMENT, AUTO_INCREMENT=1557;

--
-- Tablo için AUTO_INCREMENT değeri `kaynak_kullanim`
--
ALTER TABLE `kaynak_kullanim`
  MODIFY `KKID` int NOT NULL AUTO_INCREMENT, AUTO_INCREMENT=27;

--
-- Tablo için AUTO_INCREMENT değeri `kaynak_tanim`
--
ALTER TABLE `kaynak_tanim`
  MODIFY `KTipID` int NOT NULL AUTO_INCREMENT, AUTO_INCREMENT=126;

--
-- Tablo için AUTO_INCREMENT değeri `kullanici`
--
ALTER TABLE `kullanici`
  MODIFY `KID` int NOT NULL AUTO_INCREMENT, AUTO_INCREMENT=21;

--
-- Tablo için AUTO_INCREMENT değeri `proje`
--
ALTER TABLE `proje`
  MODIFY `PID` int NOT NULL AUTO_INCREMENT, AUTO_INCREMENT=13;

--
-- Tablo için AUTO_INCREMENT değeri `proje_asama`
--
ALTER TABLE `proje_asama`
  MODIFY `ASID` int NOT NULL AUTO_INCREMENT, AUTO_INCREMENT=31;

--
-- Tablo için AUTO_INCREMENT değeri `proje_asamalari`
--
ALTER TABLE `proje_asamalari`
  MODIFY `AID` int NOT NULL AUTO_INCREMENT, AUTO_INCREMENT=26;

--
-- Tablo için AUTO_INCREMENT değeri `proje_kaynak`
--
ALTER TABLE `proje_kaynak`
  MODIFY `PKID` int NOT NULL AUTO_INCREMENT, AUTO_INCREMENT=826;

--
-- Tablo için AUTO_INCREMENT değeri `rapor`
--
ALTER TABLE `rapor`
  MODIFY `RID` int NOT NULL AUTO_INCREMENT, AUTO_INCREMENT=9;

--
-- Dökümü yapılmış tablolar için kısıtlamalar
--

--
-- Tablo kısıtlamaları `kaynak`
--
ALTER TABLE `kaynak`
  ADD CONSTRAINT `kaynak_ibfk_1` FOREIGN KEY (`PID`) REFERENCES `proje` (`PID`) ON DELETE CASCADE,
  ADD CONSTRAINT `kaynak_ibfk_2` FOREIGN KEY (`KTipID`) REFERENCES `kaynak_tanim` (`KTipID`) ON DELETE CASCADE;

--
-- Tablo kısıtlamaları `kaynak_kullanim`
--
ALTER TABLE `kaynak_kullanim`
  ADD CONSTRAINT `fk_kaynak_kullanim_kaynak` FOREIGN KEY (`KAID`) REFERENCES `kaynak` (`KAID`) ON DELETE CASCADE;

--
-- Tablo kısıtlamaları `proje_asamalari`
--
ALTER TABLE `proje_asamalari`
  ADD CONSTRAINT `fk_duzenleyen` FOREIGN KEY (`duzenleyen_id`) REFERENCES `kullanici` (`KID`),
  ADD CONSTRAINT `proje_asamalari_ibfk_1` FOREIGN KEY (`PID`) REFERENCES `proje` (`PID`),
  ADD CONSTRAINT `proje_asamalari_ibfk_2` FOREIGN KEY (`ekleyen_id`) REFERENCES `kullanici` (`KID`),
  ADD CONSTRAINT `proje_asamalari_ibfk_3` FOREIGN KEY (`onaylayan_id`) REFERENCES `kullanici` (`KID`);

--
-- Tablo kısıtlamaları `rapor`
--
ALTER TABLE `rapor`
  ADD CONSTRAINT `rapor_ibfk_1` FOREIGN KEY (`PID`) REFERENCES `proje` (`PID`) ON DELETE CASCADE,
  ADD CONSTRAINT `rapor_ibfk_2` FOREIGN KEY (`KID`) REFERENCES `kullanici` (`KID`) ON DELETE CASCADE;
COMMIT;

/*!40101 SET CHARACTER_SET_CLIENT=@OLD_CHARACTER_SET_CLIENT */;
/*!40101 SET CHARACTER_SET_RESULTS=@OLD_CHARACTER_SET_RESULTS */;
/*!40101 SET COLLATION_CONNECTION=@OLD_COLLATION_CONNECTION */;
